quarterbeats	duration_qb	mc	mn	mc_onset	mn_onset	timesig	staff	voice	duration	gracenote	nominal_duration	scalar	tied	tpc	midi	chord_id
0	1.0	1	1	0	0	3/4	2	1	1/4		1/4	1		9	51	5
0	1.0	1	1	0	0	3/4	2	1	1/4		1/4	1		3	57	5
0	1.0	1	1	0	0	3/4	2	1	1/4		1/4	1		7	61	5
0	1.0	1	1	0	0	3/4	1	1	1/4		1/4	1		6	66	0
0	1.0	1	1	0	0	3/4	1	1	1/4		1/4	1		7	73	0
0	1.0	1	1	0	0	3/4	1	1	1/4		1/4	1		6	78	0
1	1.0	1	1	1/4	1/4	3/4	2	1	1/4		1/4	1		6	54	6
1	1.0	1	1	1/4	1/4	3/4	2	1	1/4		1/4	1		0	60	6
1	1.0	1	1	1/4	1/4	3/4	2	1	1/4		1/4	1		4	64	6
1	1.0	1	1	1/4	1/4	3/4	1	1	1/4		1/4	1		3	69	1
1	1.0	1	1	1/4	1/4	3/4	1	1	1/4		1/4	1		4	76	1
1	1.0	1	1	1/4	1/4	3/4	1	1	1/4		1/4	1		3	81	1
2	0.3333333333333333	1	1	1/2	1/2	3/4	2	1	1/12		1/8	2/3		3	57	7
2	0.3333333333333333	1	1	1/2	1/2	3/4	2	1	1/12		1/8	2/3		2	62	7
2	0.3333333333333333	1	1	1/2	1/2	3/4	2	1	1/12		1/8	2/3		6	66	7
2	0.3333333333333333	1	1	1/2	1/2	3/4	1	1	1/12		1/8	2/3		5	71	2
2	0.3333333333333333	1	1	1/2	1/2	3/4	1	1	1/12		1/8	2/3		6	78	2
2	0.3333333333333333	1	1	1/2	1/2	3/4	1	1	1/12		1/8	2/3		5	83	2
7/3	0.3333333333333333	1	1	7/12	7/12	3/4	2	1	1/12		1/8	2/3		6	54	8
7/3	0.3333333333333333	1	1	7/12	7/12	3/4	2	1	1/12		1/8	2/3		0	60	8
7/3	0.3333333333333333	1	1	7/12	7/12	3/4	2	1	1/12		1/8	2/3		4	64	8
7/3	0.3333333333333333	1	1	7/12	7/12	3/4	1	1	1/12		1/8	2/3		3	69	3
7/3	0.3333333333333333	1	1	7/12	7/12	3/4	1	1	1/12		1/8	2/3		4	76	3
7/3	0.3333333333333333	1	1	7/12	7/12	3/4	1	1	1/12		1/8	2/3		3	81	3
8/3	0.3333333333333333	1	1	2/3	2/3	3/4	2	1	1/12		1/8	2/3		9	51	9
8/3	0.3333333333333333	1	1	2/3	2/3	3/4	2	1	1/12		1/8	2/3		3	57	9
8/3	0.3333333333333333	1	1	2/3	2/3	3/4	2	1	1/12		1/8	2/3		7	61	9
8/3	0.3333333333333333	1	1	2/3	2/3	3/4	1	1	1/12		1/8	2/3		6	66	4
8/3	0.3333333333333333	1	1	2/3	2/3	3/4	1	1	1/12		1/8	2/3		7	73	4
8/3	0.3333333333333333	1	1	2/3	2/3	3/4	1	1	1/12		1/8	2/3		6	78	4
3	0.5	2	2	0	0	3/4	2	1	1/8		1/8	1		4	52	13
3	0.5	2	2	0	0	3/4	2	1	1/8		1/8	1		8	56	13
3	0.5	2	2	0	0	3/4	2	1	1/8		1/8	1		5	59	13
3	0.5	2	2	0	0	3/4	1	1	1/8		1/8	1		4	64	10
3	0.5	2	2	0	0	3/4	1	1	1/8		1/8	1		5	71	10
3	0.5	2	2	0	0	3/4	1	1	1/8		1/8	1		4	76	10
7/2	0.5	2	2	1/8	1/8	3/4	2	1	1/8		1/8	1		8	44	14
7/2	0.5	2	2	1/8	1/8	3/4	2	1	1/8		1/8	1		9	51	14
7/2	0.5	2	2	1/8	1/8	3/4	2	1	1/8		1/8	1		5	59	14
7/2	0.5	2	2	1/8	1/8	3/4	1	1	1/8		1/8	1		8	68	11
7/2	0.5	2	2	1/8	1/8	3/4	1	1	1/8		1/8	1		5	71	11
7/2	0.5	2	2	1/8	1/8	3/4	1	1	1/8		1/8	1		9	75	11
7/2	0.5	2	2	1/8	1/8	3/4	1	1	1/8		1/8	1		8	80	11
4	2.0	2	2	1/4	1/4	3/4	2	1	1/2		1/2	1		8	56	15
4	2.0	2	2	1/4	1/4	3/4	2	1	1/2		1/2	1		5	59	15
4	2.0	2	2	1/4	1/4	3/4	2	1	1/2		1/2	1		9	63	15
4	2.0	2	2	1/4	1/4	3/4	1	1	1/2		1/2	1		8	68	12
4	2.0	2	2	1/4	1/4	3/4	1	1	1/2		1/2	1		5	71	12
4	2.0	2	2	1/4	1/4	3/4	1	1	1/2		1/2	1		9	75	12
4	2.0	2	2	1/4	1/4	3/4	1	1	1/2		1/2	1		8	80	12
6	1.0	3	3	0	0	3/4	2	1	1/4		1/4	1		9	51	23
6	1.0	3	3	0	0	3/4	2	1	1/4		1/4	1		3	57	23
6	1.0	3	3	0	0	3/4	2	1	1/4		1/4	1		7	61	23
6	0.5	3	3	0	0	3/4	1	1	1/8		1/8	1		6	66	16
6	1.0	3	3	0	0	3/4	1	2	1/4		1/4	1		7	73	22
6	0.5	3	3	0	0	3/4	1	1	1/8		1/8	1		6	78	16
13/2	0.5	3	3	1/8	1/8	3/4	1	1	1/8		1/8	1		8	68	17
13/2	0.5	3	3	1/8	1/8	3/4	1	1	1/8		1/8	1		8	80	17
7	1.0	3	3	1/4	1/4	3/4	2	1	1/4		1/4	1		6	54	24
7	1.0	3	3	1/4	1/4	3/4	2	1	1/4		1/4	1		0	60	24
7	1.0	3	3	1/4	1/4	3/4	2	1	1/4		1/4	1		4	64	24
7	1.0	3	3	1/4	1/4	3/4	1	1	1/4		1/4	1		3	69	18
7	1.0	3	3	1/4	1/4	3/4	1	1	1/4		1/4	1		4	76	18
7	1.0	3	3	1/4	1/4	3/4	1	1	1/4		1/4	1		3	81	18
8	0.3333333333333333	3	3	1/2	1/2	3/4	2	1	1/12		1/8	2/3		3	57	25
8	0.3333333333333333	3	3	1/2	1/2	3/4	2	1	1/12		1/8	2/3		2	62	25
8	0.3333333333333333	3	3	1/2	1/2	3/4	2	1	1/12		1/8	2/3		6	66	25
8	0.3333333333333333	3	3	1/2	1/2	3/4	1	1	1/12		1/8	2/3		5	71	19
8	0.3333333333333333	3	3	1/2	1/2	3/4	1	1	1/12		1/8	2/3		6	78	19
8	0.3333333333333333	3	3	1/2	1/2	3/4	1	1	1/12		1/8	2/3		5	83	19
25/3	0.3333333333333333	3	3	7/12	7/12	3/4	2	1	1/12		1/8	2/3		6	54	26
25/3	0.3333333333333333	3	3	7/12	7/12	3/4	2	1	1/12		1/8	2/3		0	60	26
25/3	0.3333333333333333	3	3	7/12	7/12	3/4	2	1	1/12		1/8	2/3		4	64	26
25/3	0.3333333333333333	3	3	7/12	7/12	3/4	1	1	1/12		1/8	2/3		3	69	20
25/3	0.3333333333333333	3	3	7/12	7/12	3/4	1	1	1/12		1/8	2/3		4	76	20
25/3	0.3333333333333333	3	3	7/12	7/12	3/4	1	1	1/12		1/8	2/3		3	81	20
26/3	0.3333333333333333	3	3	2/3	2/3	3/4	2	1	1/12		1/8	2/3		9	51	27
26/3	0.3333333333333333	3	3	2/3	2/3	3/4	2	1	1/12		1/8	2/3		3	57	27
26/3	0.3333333333333333	3	3	2/3	2/3	3/4	2	1	1/12		1/8	2/3		7	61	27
26/3	0.3333333333333333	3	3	2/3	2/3	3/4	1	1	1/12		1/8	2/3		6	66	21
26/3	0.3333333333333333	3	3	2/3	2/3	3/4	1	1	1/12		1/8	2/3		7	73	21
26/3	0.3333333333333333	3	3	2/3	2/3	3/4	1	1	1/12		1/8	2/3		6	78	21
9	0.5	4	4	0	0	3/4	2	1	1/8		1/8	1		4	52	31
9	0.5	4	4	0	0	3/4	2	1	1/8		1/8	1		8	56	31
9	0.5	4	4	0	0	3/4	2	1	1/8		1/8	1		5	59	31
9	0.5	4	4	0	0	3/4	1	1	1/8		1/8	1		4	64	28
9	0.5	4	4	0	0	3/4	1	1	1/8		1/8	1		5	71	28
9	0.5	4	4	0	0	3/4	1	1	1/8		1/8	1		4	76	28
19/2	0.5	4	4	1/8	1/8	3/4	2	1	1/8		1/8	1		8	44	32
19/2	0.5	4	4	1/8	1/8	3/4	2	1	1/8		1/8	1		9	51	32
19/2	0.5	4	4	1/8	1/8	3/4	2	1	1/8		1/8	1		5	59	32
19/2	0.5	4	4	1/8	1/8	3/4	1	1	1/8		1/8	1		8	68	29
19/2	0.5	4	4	1/8	1/8	3/4	1	1	1/8		1/8	1		5	71	29
19/2	0.5	4	4	1/8	1/8	3/4	1	1	1/8		1/8	1		9	75	29
19/2	0.5	4	4	1/8	1/8	3/4	1	1	1/8		1/8	1		8	80	29
10	2.0	4	4	1/4	1/4	3/4	2	1	1/2		1/2	1		8	56	33
10	2.0	4	4	1/4	1/4	3/4	2	1	1/2		1/2	1		5	59	33
10	2.0	4	4	1/4	1/4	3/4	2	1	1/2		1/2	1		9	63	33
10	2.0	4	4	1/4	1/4	3/4	1	1	1/2		1/2	1		8	68	30
10	2.0	4	4	1/4	1/4	3/4	1	1	1/2		1/2	1		5	71	30
10	2.0	4	4	1/4	1/4	3/4	1	1	1/2		1/2	1		9	75	30
10	2.0	4	4	1/4	1/4	3/4	1	1	1/2		1/2	1		8	80	30
12	1.0	5	5	0	0	3/4	2	1	1/4		1/4	1		7	37	41
12	1.0	5	5	0	0	3/4	2	1	1/4		1/4	1		8	44	41
12	1.0	5	5	0	0	3/4	2	1	1/4		1/4	1		4	52	41
12	1.0	5	5	0	0	3/4	2	2	1/4		1/4	1		8	56	44
12	1.0	5	5	0	0	3/4	1	2	1/4		1/4	1		7	61	40
12	1.0	5	5	0	0	3/4	1	2	1/4		1/4	1		4	64	40
12	0.5	5	5	0	0	3/4	1	1	1/8		1/8	1		8	68	34
25/2	0.5	5	5	1/8	1/8	3/4	1	1	1/8		1/8	1		7	61	35
25/2	0.5	5	5	1/8	1/8	3/4	1	1	1/8		1/8	1		7	73	35
13	1.0	5	5	1/4	1/4	3/4	2	1	1/4		1/4	1		9	39	42
13	1.0	5	5	1/4	1/4	3/4	2	1	1/4		1/4	1		8	44	42
13	1.0	5	5	1/4	1/4	3/4	2	1	1/4		1/4	1		6	54	42
13	1.0	5	5	1/4	1/4	3/4	1	1	1/4		1/4	1		7	61	36
13	1.0	5	5	1/4	1/4	3/4	1	1	1/4		1/4	1		6	66	36
13	1.0	5	5	1/4	1/4	3/4	1	1	1/4		1/4	1		8	68	36
13	1.0	5	5	1/4	1/4	3/4	1	1	1/4		1/4	1		7	73	36
14	1.0	5	5	1/2	1/2	3/4	2	1	1/4		1/4	1		4	40	43
14	1.0	5	5	1/2	1/2	3/4	2	1	1/4		1/4	1		5	47	43
14	1.0	5	5	1/2	1/2	3/4	2	1	1/4		1/4	1		8	56	43
14	0.25	5	5	1/2	1/2	3/4	1	1	1/16		1/16	1		5	59	37
14	0.25	5	5	1/2	1/2	3/4	1	1	1/16		1/16	1		4	64	37
14	0.25	5	5	1/2	1/2	3/4	1	1	1/16		1/16	1		8	68	37
14	0.25	5	5	1/2	1/2	3/4	1	1	1/16		1/16	1		5	71	37
57/4	0.25	5	5	9/16	9/16	3/4	1	1	1/16		1/16	1		3	57	38
57/4	0.25	5	5	9/16	9/16	3/4	1	1	1/16		1/16	1		3	69	38
29/2	0.5	5	5	5/8	5/8	3/4	1	1	1/8		1/8	1		8	56	39
29/2	0.5	5	5	5/8	5/8	3/4	1	1	1/8		1/8	1		8	68	39
15	1.0	6	6	0	0	3/4	2	1	1/4		1/4	1		6	42	51
15	0.5	6	6	0	0	3/4	1	1	1/8		1/8	1		8	56	45
15	0.5	6	6	0	0	3/4	1	1	1/8		1/8	1		7	61	45
15	0.5	6	6	0	0	3/4	1	1	1/8		1/8	1		9	63	45
15	0.5	6	6	0	0	3/4	1	1	1/8		1/8	1		8	68	45
31/2	0.5	6	6	1/8	1/8	3/4	2	2	1/8		1/8	1		7	49	56
31/2	0.5	6	6	1/8	1/8	3/4	1	1	1/8		1/8	1		7	61	46
16	0.5	6	6	1/4	1/4	3/4	2	1	1/8		1/8	1		3	45	52
16	0.5	6	6	1/4	1/4	3/4	2	2	1/8		1/8	1		7	49	57
16	0.5	6	6	1/4	1/4	3/4	2	2	1/8		1/8	1		4	52	57
16	0.5	6	6	1/4	1/4	3/4	2	2	1/8		1/8	1		8	56	57
16	0.5	6	6	1/4	1/4	3/4	1	1	1/8		1/8	1		7	61	47
33/2	0.5	6	6	3/8	3/8	3/4	2	1	1/8		1/8	1		8	44	53
33/2	0.5	6	6	3/8	3/8	3/4	2	2	1/8		1/8	1		9	51	58
33/2	0.5	6	6	3/8	3/8	3/4	2	2	1/8		1/8	1		8	56	58
33/2	0.5	6	6	3/8	3/8	3/4	2	2	1/8		1/8	1		5	59	58
33/2	0.5	6	6	3/8	3/8	3/4	1	1	1/8		1/8	1		9	63	48
17	0.5	6	6	1/2	1/2	3/4	2	1	1/8		1/8	1		6	42	54
17	0.5	6	6	1/2	1/2	3/4	2	2	1/8		1/8	1		4	52	59
17	0.5	6	6	1/2	1/2	3/4	2	2	1/8		1/8	1		3	57	59
17	0.5	6	6	1/2	1/2	3/4	1	1	1/8		1/8	1		7	61	49
17	0.5	6	6	1/2	1/2	3/4	1	1	1/8		1/8	1		4	64	49
35/2	0.5	6	6	5/8	5/8	3/4	2	1	1/8		1/8	1		4	40	55
35/2	0.5	6	6	5/8	5/8	3/4	2	2	1/8		1/8	1		8	56	60
35/2	0.5	6	6	5/8	5/8	3/4	2	2	1/8		1/8	1		5	59	60
35/2	0.5	6	6	5/8	5/8	3/4	1	1	1/8		1/8	1		9	63	50
35/2	0.5	6	6	5/8	5/8	3/4	1	1	1/8		1/8	1		8	68	50
18	0.5	7	7	0	0	3/4	2	1	1/8		1/8	1		3	33	67
18	0.5	7	7	0	0	3/4	2	1	1/8		1/8	1		3	45	67
18	0.5	7	7	0	0	3/4	2	2	1/8		1/8	1		7	49	73
18	0.5	7	7	0	0	3/4	2	2	1/8		1/8	1		4	52	73
18	0.5	7	7	0	0	3/4	2	2	1/8		1/8	1		3	57	73
18	0.5	7	7	0	0	3/4	1	1	1/8		1/8	1		7	61	61
37/2	0.5	7	7	1/8	1/8	3/4	2	1	1/8		1/8	1		8	32	68
37/2	0.5	7	7	1/8	1/8	3/4	2	1	1/8		1/8	1		8	44	68
37/2	0.5	7	7	1/8	1/8	3/4	2	2	1/8		1/8	1		9	51	74
37/2	0.5	7	7	1/8	1/8	3/4	2	2	1/8		1/8	1		8	56	74
37/2	0.5	7	7	1/8	1/8	3/4	2	2	1/8		1/8	1		5	59	74
37/2	0.5	7	7	1/8	1/8	3/4	1	1	1/8		1/8	1		9	63	62
19	0.5	7	7	1/4	1/4	3/4	2	1	1/8		1/8	1		6	30	69
19	0.5	7	7	1/4	1/4	3/4	2	1	1/8		1/8	1		6	42	69
19	0.5	7	7	1/4	1/4	3/4	2	2	1/8		1/8	1		4	52	75
19	0.5	7	7	1/4	1/4	3/4	2	2	1/8		1/8	1		3	57	75
19	0.5	7	7	1/4	1/4	3/4	2	2	1/8		1/8	1		7	61	75
19	0.5	7	7	1/4	1/4	3/4	1	1	1/8		1/8	1		4	64	63
39/2	0.5	7	7	3/8	3/8	3/4	2	1	1/8		1/8	1		4	28	70
39/2	0.5	7	7	3/8	3/8	3/4	2	1	1/8		1/8	1		4	40	70
39/2	0.5	7	7	3/8	3/8	3/4	2	2	1/8		1/8	1		8	56	76
39/2	0.5	7	7	3/8	3/8	3/4	2	2	1/8		1/8	1		5	59	76
39/2	0.5	7	7	3/8	3/8	3/4	1	1	1/8		1/8	1		9	63	64
39/2	0.5	7	7	3/8	3/8	3/4	1	1	1/8		1/8	1		8	68	64
20	0.5	7	7	1/2	1/2	3/4	2	1	1/8		1/8	1		9	27	71
20	0.5	7	7	1/2	1/2	3/4	2	1	1/8		1/8	1		9	39	71
20	0.5	7	7	1/2	1/2	3/4	2	2	1/8		1/8	1		3	57	77
20	0.5	7	7	1/2	1/2	3/4	1	1	1/8		1/8	1		7	61	65
20	0.5	7	7	1/2	1/2	3/4	1	1	1/8		1/8	1		4	64	65
20	0.5	7	7	1/2	1/2	3/4	1	1	1/8		1/8	1		3	69	65
41/2	0.5	7	7	5/8	5/8	3/4	2	1	1/8		1/8	1		7	25	72
41/2	0.5	7	7	5/8	5/8	3/4	2	1	1/8		1/8	1		7	37	72
41/2	0.5	7	7	5/8	5/8	3/4	1	1	1/8		1/8	1		7	61	66
41/2	0.5	7	7	5/8	5/8	3/4	1	1	1/8		1/8	1		4	64	66
41/2	0.5	7	7	5/8	5/8	3/4	1	1	1/8		1/8	1		8	68	66
41/2	0.5	7	7	5/8	5/8	3/4	1	1	1/8		1/8	1		7	73	66
21	0.0	8	8	0	0	3/4	2	1	0	acciaccatura	1/8	1		5	23	80
21	0.0	8	8	0	0	3/4	2	1	0	acciaccatura	1/8	1		5	35	80
21	1.0	8	8	0	0	3/4	2	1	1/4		1/4	1		6	54	81
21	1.0	8	8	0	0	3/4	2	1	1/4		1/4	1		5	59	81
21	1.0	8	8	0	0	3/4	1	1	1/4		1/4	1		9	63	78
21	1.0	8	8	0	0	3/4	1	1	1/4		1/4	1		6	66	78
21	1.0	8	8	0	0	3/4	1	1	1/4		1/4	1		5	71	78
21	1.0	8	8	0	0	3/4	1	1	1/4		1/4	1		9	75	78
22	2.0	8	8	1/4	1/4	3/4	2	1	1/2		1/2	1		5	47	82
22	2.0	8	8	1/4	1/4	3/4	2	1	1/2		1/2	1		6	54	82
22	2.0	8	8	1/4	1/4	3/4	2	1	1/2		1/2	1		5	59	82
22	2.0	8	8	1/4	1/4	3/4	1	1	1/2		1/2	1		9	63	79
22	2.0	8	8	1/4	1/4	3/4	1	1	1/2		1/2	1		6	66	79
22	2.0	8	8	1/4	1/4	3/4	1	1	1/2		1/2	1		5	71	79
22	2.0	8	8	1/4	1/4	3/4	1	1	1/2		1/2	1		9	75	79
24	1.0	9	9	0	0	3/4	2	1	1/4		1/4	1		3	57	92
24	1.0	9	9	0	0	3/4	2	1	1/4		1/4	1		7	61	92
24	1.0	9	9	0	0	3/4	1	2	1/4		1/4	1		4	64	89
24	1.0	9	9	0	0	3/4	1	2	1/4		1/4	1		3	69	89
24	1.0	9	9	0	0	3/4	1	2	1/4		1/4	1		7	73	89
24	0.25	9	9	0	0	3/4	1	1	1/16		1/16	1		4	76	83
97/4	0.25	9	9	1/16	1/16	3/4	1	1	1/16		1/16	1		9	75	84
49/2	0.5	9	9	1/8	1/8	3/4	1	1	1/8		1/8	1		7	73	85
25	1.0	9	9	1/4	1/4	3/4	2	1	1/4		1/4	1		6	54	93
25	1.0	9	9	1/4	1/4	3/4	2	1	1/4		1/4	1		10	58	93
25	1.0	9	9	1/4	1/4	3/4	2	1	1/4		1/4	1		7	61	93
25	1.0	9	9	1/4	1/4	3/4	1	2	1/4		1/4	1		6	66	90
25	1.0	9	9	1/4	1/4	3/4	1	2	1/4		1/4	1		10	70	90
25	1.0	9	9	1/4	1/4	3/4	1	1	1/4		1/4	1	1	7	73	86
26	1.0	9	9	1/2	1/2	3/4	2	1	1/4		1/4	1		9	51	94
26	1.0	9	9	1/2	1/2	3/4	2	1	1/4		1/4	1		6	54	94
26	1.0	9	9	1/2	1/2	3/4	2	1	1/4		1/4	1		10	58	94
26	1.0	9	9	1/2	1/2	3/4	2	1	1/4		1/4	1		9	63	94
26	1.0	9	9	1/2	1/2	3/4	1	2	1/4		1/4	1		6	66	91
26	1.0	9	9	1/2	1/2	3/4	1	2	1/4		1/4	1		10	70	91
26	0.5	9	9	1/2	1/2	3/4	1	1	1/8		1/8	1	-1	7	73	87
53/2	0.5	9	9	5/8	5/8	3/4	1	1	1/8		1/8	1		6	78	88
27	1.0	10	10	0	0	3/4	2	1	1/4		1/4	1		3	57	104
27	1.0	10	10	0	0	3/4	2	1	1/4		1/4	1		7	61	104
27	1.0	10	10	0	0	3/4	1	2	1/4		1/4	1		4	64	101
27	1.0	10	10	0	0	3/4	1	2	1/4		1/4	1		3	69	101
27	1.0	10	10	0	0	3/4	1	2	1/4		1/4	1		7	73	101
27	0.25	10	10	0	0	3/4	1	1	1/16		1/16	1		4	76	95
109/4	0.25	10	10	1/16	1/16	3/4	1	1	1/16		1/16	1		9	75	96
55/2	0.5	10	10	1/8	1/8	3/4	1	1	1/8		1/8	1		7	73	97
28	1.0	10	10	1/4	1/4	3/4	2	1	1/4		1/4	1		6	54	105
28	1.0	10	10	1/4	1/4	3/4	2	1	1/4		1/4	1		10	58	105
28	1.0	10	10	1/4	1/4	3/4	2	1	1/4		1/4	1		7	61	105
28	1.0	10	10	1/4	1/4	3/4	1	2	1/4		1/4	1		6	66	102
28	1.0	10	10	1/4	1/4	3/4	1	2	1/4		1/4	1		10	70	102
28	1.0	10	10	1/4	1/4	3/4	1	1	1/4		1/4	1	1	7	73	98
29	1.0	10	10	1/2	1/2	3/4	2	1	1/4		1/4	1		9	51	106
29	1.0	10	10	1/2	1/2	3/4	2	1	1/4		1/4	1		6	54	106
29	1.0	10	10	1/2	1/2	3/4	2	1	1/4		1/4	1		10	58	106
29	1.0	10	10	1/2	1/2	3/4	2	1	1/4		1/4	1		9	63	106
29	1.0	10	10	1/2	1/2	3/4	1	2	1/4		1/4	1		6	66	103
29	1.0	10	10	1/2	1/2	3/4	1	2	1/4		1/4	1		10	70	103
29	0.5	10	10	1/2	1/2	3/4	1	1	1/8		1/8	1	-1	7	73	99
59/2	0.5	10	10	5/8	5/8	3/4	1	1	1/8		1/8	1		9	75	100
30	0.5	11	11	0	0	3/4	2	1	1/8		1/8	1		6	42	112
30	0.5	11	11	0	0	3/4	2	1	1/8		1/8	1		7	49	112
30	0.5	11	11	0	0	3/4	2	2	1/8		1/8	1		10	58	118
30	0.5	11	11	0	0	3/4	2	2	1/8		1/8	1		4	64	118
30	0.25	11	11	0	0	3/4	1	1	1/16		1/16	1		8	68	107
121/4	0.25	11	11	1/16	1/16	3/4	1	1	1/16		1/16	1		6	66	108
61/2	0.5	11	11	1/8	1/8	3/4	2	1	1/8		1/8	1		4	40	113
61/2	0.5	11	11	1/8	1/8	3/4	2	1	1/8		1/8	1		5	47	113
61/2	0.5	11	11	1/8	1/8	3/4	2	2	1/8		1/8	1		8	56	119
61/2	0.5	11	11	1/8	1/8	3/4	2	2	1/8		1/8	1		2	62	119
61/2	0.5	11	11	1/8	1/8	3/4	1	1	1/8		1/8	1		4	64	109
31	0.5	11	11	1/4	1/4	3/4	2	1	1/8		1/8	1		2	38	114
31	0.5	11	11	1/4	1/4	3/4	2	1	1/8		1/8	1		3	45	114
31	0.5	11	11	1/4	1/4	3/4	2	2	1/8		1/8	1		6	54	120
31	0.5	11	11	1/4	1/4	3/4	2	2	1/8		1/8	1		0	60	120
31	1.5	11	11	1/4	1/4	3/4	1	1	3/8		1/4	3/2		4	64	110
63/2	0.5	11	11	3/8	3/8	3/4	2	1	1/8		1/8	1		4	40	115
63/2	0.5	11	11	3/8	3/8	3/4	2	1	1/8		1/8	1		5	47	115
63/2	0.5	11	11	3/8	3/8	3/4	2	2	1/8		1/8	1		8	56	121
63/2	0.5	11	11	3/8	3/8	3/4	2	2	1/8		1/8	1		2	62	121
32	0.5	11	11	1/2	1/2	3/4	2	1	1/8		1/8	1		6	42	116
32	0.5	11	11	1/2	1/2	3/4	2	1	1/8		1/8	1		7	49	116
32	0.5	11	11	1/2	1/2	3/4	2	2	1/8		1/8	1		10	58	122
32	0.5	11	11	1/2	1/2	3/4	2	2	1/8		1/8	1		4	64	122
65/2	0.5	11	11	5/8	5/8	3/4	2	1	1/8		1/8	1		8	44	117
65/2	0.5	11	11	5/8	5/8	3/4	2	1	1/8		1/8	1		9	51	117
65/2	0.5	11	11	5/8	5/8	3/4	2	2	1/8		1/8	1		12	60	123
65/2	0.5	11	11	5/8	5/8	3/4	1	1	1/8		1/8	1		6	66	111
65/2	0.5	11	11	5/8	5/8	3/4	2	2	1/8		1/8	1		6	66	123
33	0.5	12	12	0	0	3/4	2	1	1/8		1/8	1		6	42	129
33	0.5	12	12	0	0	3/4	2	1	1/8		1/8	1		7	49	129
33	0.5	12	12	0	0	3/4	2	2	1/8		1/8	1		10	58	135
33	0.5	12	12	0	0	3/4	2	2	1/8		1/8	1		4	64	135
33	0.25	12	12	0	0	3/4	1	1	1/16		1/16	1		8	68	124
133/4	0.25	12	12	1/16	1/16	3/4	1	1	1/16		1/16	1		6	66	125
67/2	0.5	12	12	1/8	1/8	3/4	2	1	1/8		1/8	1		4	40	130
67/2	0.5	12	12	1/8	1/8	3/4	2	1	1/8		1/8	1		5	47	130
67/2	0.5	12	12	1/8	1/8	3/4	2	2	1/8		1/8	1		8	56	136
67/2	0.5	12	12	1/8	1/8	3/4	2	2	1/8		1/8	1		2	62	136
67/2	0.5	12	12	1/8	1/8	3/4	1	1	1/8		1/8	1		4	64	126
34	0.5	12	12	1/4	1/4	3/4	2	1	1/8		1/8	1		2	38	131
34	0.5	12	12	1/4	1/4	3/4	2	1	1/8		1/8	1		3	45	131
34	0.5	12	12	1/4	1/4	3/4	2	2	1/8		1/8	1		6	54	137
34	0.5	12	12	1/4	1/4	3/4	2	2	1/8		1/8	1		0	60	137
34	1.5	12	12	1/4	1/4	3/4	1	1	3/8		1/4	3/2		4	64	127
69/2	0.5	12	12	3/8	3/8	3/4	2	1	1/8		1/8	1		4	40	132
69/2	0.5	12	12	3/8	3/8	3/4	2	1	1/8		1/8	1		5	47	132
69/2	0.5	12	12	3/8	3/8	3/4	2	2	1/8		1/8	1		8	56	138
69/2	0.5	12	12	3/8	3/8	3/4	2	2	1/8		1/8	1		2	62	138
35	0.5	12	12	1/2	1/2	3/4	2	1	1/8		1/8	1		6	42	133
35	0.5	12	12	1/2	1/2	3/4	2	1	1/8		1/8	1		7	49	133
35	0.5	12	12	1/2	1/2	3/4	2	2	1/8		1/8	1		10	58	139
35	0.5	12	12	1/2	1/2	3/4	2	2	1/8		1/8	1		4	64	139
71/2	0.5	12	12	5/8	5/8	3/4	2	1	1/8		1/8	1		8	44	134
71/2	0.5	12	12	5/8	5/8	3/4	2	1	1/8		1/8	1		9	51	134
71/2	0.5	12	12	5/8	5/8	3/4	2	2	1/8		1/8	1		12	60	140
71/2	0.5	12	12	5/8	5/8	3/4	1	1	1/8		1/8	1		6	66	128
71/2	0.5	12	12	5/8	5/8	3/4	2	2	1/8		1/8	1		6	66	140
36	1.5	13	13	0	0	3/4	2	1	3/8		1/4	3/2		10	46	145
36	1.5	13	13	0	0	3/4	2	1	3/8		1/4	3/2		4	52	145
36	1.5	13	13	0	0	3/4	1	1	3/8		1/4	3/2		8	56	141
36	1.5	13	13	0	0	3/4	1	1	3/8		1/4	3/2		7	61	141
75/2	0.5	13	13	3/8	3/8	3/4	2	1	1/8		1/8	1		6	42	146
75/2	0.5	13	13	3/8	3/8	3/4	2	1	1/8		1/8	1		7	49	146
75/2	0.5	13	13	3/8	3/8	3/4	1	1	1/8		1/8	1		10	58	142
75/2	0.5	13	13	3/8	3/8	3/4	1	1	1/8		1/8	1		6	66	142
38	0.5	13	13	1/2	1/2	3/4	2	1	1/8		1/8	1		10	46	147
38	0.5	13	13	1/2	1/2	3/4	2	1	1/8		1/8	1		4	52	147
38	0.5	13	13	1/2	1/2	3/4	1	1	1/8		1/8	1		8	56	143
38	0.5	13	13	1/2	1/2	3/4	1	1	1/8		1/8	1		7	61	143
77/2	0.5	13	13	5/8	5/8	3/4	2	1	1/8		1/8	1		6	42	148
77/2	0.5	13	13	5/8	5/8	3/4	2	1	1/8		1/8	1		7	49	148
77/2	0.5	13	13	5/8	5/8	3/4	1	1	1/8		1/8	1		10	58	144
77/2	0.5	13	13	5/8	5/8	3/4	1	1	1/8		1/8	1		6	66	144
39	0.5	14	14	0	0	3/4	2	1	1/8		1/8	1		10	46	152
39	0.5	14	14	0	0	3/4	2	1	1/8		1/8	1		4	52	152
39	0.5	14	14	0	0	3/4	1	1	1/8		1/8	1		8	56	149
39	0.5	14	14	0	0	3/4	1	1	1/8		1/8	1		7	61	149
79/2	0.5	14	14	1/8	1/8	3/4	2	1	1/8		1/8	1		9	39	153
79/2	0.5	14	14	1/8	1/8	3/4	2	1	1/8		1/8	1		10	46	153
79/2	0.5	14	14	1/8	1/8	3/4	1	1	1/8		1/8	1		13	55	150
79/2	0.5	14	14	1/8	1/8	3/4	1	1	1/8		1/8	1		10	58	150
79/2	0.5	14	14	1/8	1/8	3/4	1	1	1/8		1/8	1		9	63	150
40	2.0	14	14	1/4	1/4	3/4	2	1	1/2		1/2	1		9	39	154
40	2.0	14	14	1/4	1/4	3/4	2	1	1/2		1/2	1		10	46	154
40	2.0	14	14	1/4	1/4	3/4	1	1	1/2		1/2	1		13	55	151
40	2.0	14	14	1/4	1/4	3/4	1	1	1/2		1/2	1		10	58	151
40	2.0	14	14	1/4	1/4	3/4	1	1	1/2		1/2	1		9	63	151
41	1.0	14	14	1/2	1/2	3/4	2	2	1/4		1/4	1		9	27	155
42	1.0	15	15	0	0	3/4	2	1	1/4		1/4	1		9	51	161
42	1.0	15	15	0	0	3/4	2	1	1/4		1/4	1		3	57	161
42	1.0	15	15	0	0	3/4	2	1	1/4		1/4	1		7	61	161
42	1.0	15	15	0	0	3/4	1	1	1/4		1/4	1		6	66	156
42	1.0	15	15	0	0	3/4	1	1	1/4		1/4	1		7	73	156
42	1.0	15	15	0	0	3/4	1	1	1/4		1/4	1		6	78	156
43	1.0	15	15	1/4	1/4	3/4	2	1	1/4		1/4	1		6	54	162
43	1.0	15	15	1/4	1/4	3/4	2	1	1/4		1/4	1		0	60	162
43	1.0	15	15	1/4	1/4	3/4	2	1	1/4		1/4	1		4	64	162
43	1.0	15	15	1/4	1/4	3/4	1	1	1/4		1/4	1		3	69	157
43	1.0	15	15	1/4	1/4	3/4	1	1	1/4		1/4	1		4	76	157
43	1.0	15	15	1/4	1/4	3/4	1	1	1/4		1/4	1		3	81	157
44	0.3333333333333333	15	15	1/2	1/2	3/4	2	1	1/12		1/8	2/3		3	57	163
44	0.3333333333333333	15	15	1/2	1/2	3/4	2	1	1/12		1/8	2/3		2	62	163
44	0.3333333333333333	15	15	1/2	1/2	3/4	2	1	1/12		1/8	2/3		6	66	163
44	0.3333333333333333	15	15	1/2	1/2	3/4	1	1	1/12		1/8	2/3		5	71	158
44	0.3333333333333333	15	15	1/2	1/2	3/4	1	1	1/12		1/8	2/3		6	78	158
44	0.3333333333333333	15	15	1/2	1/2	3/4	1	1	1/12		1/8	2/3		5	83	158
133/3	0.3333333333333333	15	15	7/12	7/12	3/4	2	1	1/12		1/8	2/3		6	54	164
133/3	0.3333333333333333	15	15	7/12	7/12	3/4	2	1	1/12		1/8	2/3		0	60	164
133/3	0.3333333333333333	15	15	7/12	7/12	3/4	2	1	1/12		1/8	2/3		4	64	164
133/3	0.3333333333333333	15	15	7/12	7/12	3/4	1	1	1/12		1/8	2/3		3	69	159
133/3	0.3333333333333333	15	15	7/12	7/12	3/4	1	1	1/12		1/8	2/3		4	76	159
133/3	0.3333333333333333	15	15	7/12	7/12	3/4	1	1	1/12		1/8	2/3		3	81	159
134/3	0.3333333333333333	15	15	2/3	2/3	3/4	2	1	1/12		1/8	2/3		9	51	165
134/3	0.3333333333333333	15	15	2/3	2/3	3/4	2	1	1/12		1/8	2/3		3	57	165
134/3	0.3333333333333333	15	15	2/3	2/3	3/4	2	1	1/12		1/8	2/3		7	61	165
134/3	0.3333333333333333	15	15	2/3	2/3	3/4	1	1	1/12		1/8	2/3		6	66	160
134/3	0.3333333333333333	15	15	2/3	2/3	3/4	1	1	1/12		1/8	2/3		7	73	160
134/3	0.3333333333333333	15	15	2/3	2/3	3/4	1	1	1/12		1/8	2/3		6	78	160
45	0.5	16	16	0	0	3/4	2	1	1/8		1/8	1		4	52	169
45	0.5	16	16	0	0	3/4	2	1	1/8		1/8	1		8	56	169
45	0.5	16	16	0	0	3/4	2	1	1/8		1/8	1		5	59	169
45	0.5	16	16	0	0	3/4	1	1	1/8		1/8	1		4	64	166
45	0.5	16	16	0	0	3/4	1	1	1/8		1/8	1		5	71	166
45	0.5	16	16	0	0	3/4	1	1	1/8		1/8	1		4	76	166
91/2	0.5	16	16	1/8	1/8	3/4	2	1	1/8		1/8	1		8	44	170
91/2	0.5	16	16	1/8	1/8	3/4	2	1	1/8		1/8	1		9	51	170
91/2	0.5	16	16	1/8	1/8	3/4	2	1	1/8		1/8	1		5	59	170
91/2	0.5	16	16	1/8	1/8	3/4	1	1	1/8		1/8	1		8	68	167
91/2	0.5	16	16	1/8	1/8	3/4	1	1	1/8		1/8	1		5	71	167
91/2	0.5	16	16	1/8	1/8	3/4	1	1	1/8		1/8	1		9	75	167
91/2	0.5	16	16	1/8	1/8	3/4	1	1	1/8		1/8	1		8	80	167
46	2.0	16	16	1/4	1/4	3/4	2	1	1/2		1/2	1		8	56	171
46	2.0	16	16	1/4	1/4	3/4	2	1	1/2		1/2	1		5	59	171
46	2.0	16	16	1/4	1/4	3/4	2	1	1/2		1/2	1		9	63	171
46	2.0	16	16	1/4	1/4	3/4	1	1	1/2		1/2	1		8	68	168
46	2.0	16	16	1/4	1/4	3/4	1	1	1/2		1/2	1		5	71	168
46	2.0	16	16	1/4	1/4	3/4	1	1	1/2		1/2	1		9	75	168
46	2.0	16	16	1/4	1/4	3/4	1	1	1/2		1/2	1		8	80	168
48	1.0	17	17	0	0	3/4	2	1	1/4		1/4	1		9	51	179
48	1.0	17	17	0	0	3/4	2	1	1/4		1/4	1		3	57	179
48	1.0	17	17	0	0	3/4	2	1	1/4		1/4	1		7	61	179
48	0.5	17	17	0	0	3/4	1	1	1/8		1/8	1		6	66	172
48	1.0	17	17	0	0	3/4	1	2	1/4		1/4	1		7	73	178
48	0.5	17	17	0	0	3/4	1	1	1/8		1/8	1		6	78	172
97/2	0.5	17	17	1/8	1/8	3/4	1	1	1/8		1/8	1		8	68	173
97/2	0.5	17	17	1/8	1/8	3/4	1	1	1/8		1/8	1		8	80	173
49	1.0	17	17	1/4	1/4	3/4	2	1	1/4		1/4	1		6	54	180
49	1.0	17	17	1/4	1/4	3/4	2	1	1/4		1/4	1		0	60	180
49	1.0	17	17	1/4	1/4	3/4	2	1	1/4		1/4	1		4	64	180
49	1.0	17	17	1/4	1/4	3/4	1	1	1/4		1/4	1		3	69	174
49	1.0	17	17	1/4	1/4	3/4	1	1	1/4		1/4	1		4	76	174
49	1.0	17	17	1/4	1/4	3/4	1	1	1/4		1/4	1		3	81	174
50	0.3333333333333333	17	17	1/2	1/2	3/4	2	1	1/12		1/8	2/3		3	57	181
50	0.3333333333333333	17	17	1/2	1/2	3/4	2	1	1/12		1/8	2/3		2	62	181
50	0.3333333333333333	17	17	1/2	1/2	3/4	2	1	1/12		1/8	2/3		6	66	181
50	0.3333333333333333	17	17	1/2	1/2	3/4	1	1	1/12		1/8	2/3		5	71	175
50	0.3333333333333333	17	17	1/2	1/2	3/4	1	1	1/12		1/8	2/3		6	78	175
50	0.3333333333333333	17	17	1/2	1/2	3/4	1	1	1/12		1/8	2/3		5	83	175
151/3	0.3333333333333333	17	17	7/12	7/12	3/4	2	1	1/12		1/8	2/3		6	54	182
151/3	0.3333333333333333	17	17	7/12	7/12	3/4	2	1	1/12		1/8	2/3		0	60	182
151/3	0.3333333333333333	17	17	7/12	7/12	3/4	2	1	1/12		1/8	2/3		4	64	182
151/3	0.3333333333333333	17	17	7/12	7/12	3/4	1	1	1/12		1/8	2/3		3	69	176
151/3	0.3333333333333333	17	17	7/12	7/12	3/4	1	1	1/12		1/8	2/3		4	76	176
151/3	0.3333333333333333	17	17	7/12	7/12	3/4	1	1	1/12		1/8	2/3		3	81	176
152/3	0.3333333333333333	17	17	2/3	2/3	3/4	2	1	1/12		1/8	2/3		9	51	183
152/3	0.3333333333333333	17	17	2/3	2/3	3/4	2	1	1/12		1/8	2/3		3	57	183
152/3	0.3333333333333333	17	17	2/3	2/3	3/4	2	1	1/12		1/8	2/3		7	61	183
152/3	0.3333333333333333	17	17	2/3	2/3	3/4	1	1	1/12		1/8	2/3		6	66	177
152/3	0.3333333333333333	17	17	2/3	2/3	3/4	1	1	1/12		1/8	2/3		7	73	177
152/3	0.3333333333333333	17	17	2/3	2/3	3/4	1	1	1/12		1/8	2/3		6	78	177
51	0.5	18	18	0	0	3/4	2	1	1/8		1/8	1		4	52	187
51	0.5	18	18	0	0	3/4	2	1	1/8		1/8	1		8	56	187
51	0.5	18	18	0	0	3/4	2	1	1/8		1/8	1		5	59	187
51	0.5	18	18	0	0	3/4	1	1	1/8		1/8	1		4	64	184
51	0.5	18	18	0	0	3/4	1	1	1/8		1/8	1		5	71	184
51	0.5	18	18	0	0	3/4	1	1	1/8		1/8	1		4	76	184
103/2	0.5	18	18	1/8	1/8	3/4	2	1	1/8		1/8	1		8	44	188
103/2	0.5	18	18	1/8	1/8	3/4	2	1	1/8		1/8	1		9	51	188
103/2	0.5	18	18	1/8	1/8	3/4	2	1	1/8		1/8	1		5	59	188
103/2	0.5	18	18	1/8	1/8	3/4	1	1	1/8		1/8	1		8	68	185
103/2	0.5	18	18	1/8	1/8	3/4	1	1	1/8		1/8	1		5	71	185
103/2	0.5	18	18	1/8	1/8	3/4	1	1	1/8		1/8	1		9	75	185
103/2	0.5	18	18	1/8	1/8	3/4	1	1	1/8		1/8	1		8	80	185
52	2.0	18	18	1/4	1/4	3/4	2	1	1/2		1/2	1		8	56	189
52	2.0	18	18	1/4	1/4	3/4	2	1	1/2		1/2	1		5	59	189
52	2.0	18	18	1/4	1/4	3/4	2	1	1/2		1/2	1		9	63	189
52	2.0	18	18	1/4	1/4	3/4	1	1	1/2		1/2	1		8	68	186
52	2.0	18	18	1/4	1/4	3/4	1	1	1/2		1/2	1		5	71	186
52	2.0	18	18	1/4	1/4	3/4	1	1	1/2		1/2	1		9	75	186
52	2.0	18	18	1/4	1/4	3/4	1	1	1/2		1/2	1		8	80	186
54	1.0	19	19	0	0	3/4	2	1	1/4		1/4	1		7	49	197
54	1.0	19	19	0	0	3/4	2	1	1/4		1/4	1		8	56	197
54	1.0	19	19	0	0	3/4	2	1	1/4		1/4	1		7	61	197
54	1.0	19	19	0	0	3/4	2	1	1/4		1/4	1		4	64	197
54	0.5	19	19	0	0	3/4	1	1	1/8		1/8	1		8	68	190
54	1.0	19	19	0	0	3/4	1	2	1/4		1/4	1		7	73	196
54	1.0	19	19	0	0	3/4	1	2	1/4		1/4	1		4	76	196
54	0.5	19	19	0	0	3/4	1	1	1/8		1/8	1		8	80	190
109/2	0.5	19	19	1/8	1/8	3/4	1	1	1/8		1/8	1		5	71	191
109/2	0.5	19	19	1/8	1/8	3/4	1	1	1/8		1/8	1		5	83	191
55	1.0	19	19	1/4	1/4	3/4	2	1	1/4		1/4	1		5	47	198
55	1.0	19	19	1/4	1/4	3/4	2	1	1/4		1/4	1		6	54	198
55	1.0	19	19	1/4	1/4	3/4	2	1	1/4		1/4	1		5	59	198
55	1.0	19	19	1/4	1/4	3/4	2	1	1/4		1/4	1		9	63	198
55	1.0	19	19	1/4	1/4	3/4	2	1	1/4		1/4	1		6	66	198
55	1.0	19	19	1/4	1/4	3/4	1	1	1/4		1/4	1		5	71	192
55	1.0	19	19	1/4	1/4	3/4	1	1	1/4		1/4	1		9	75	192
55	1.0	19	19	1/4	1/4	3/4	1	1	1/4		1/4	1		6	78	192
55	1.0	19	19	1/4	1/4	3/4	1	1	1/4		1/4	1		5	83	192
56	1.0	19	19	1/2	1/2	3/4	2	1	1/4		1/4	1		3	45	199
56	1.0	19	19	1/2	1/2	3/4	2	1	1/4		1/4	1		4	52	199
56	1.0	19	19	1/2	1/2	3/4	2	1	1/4		1/4	1		3	57	199
56	1.0	19	19	1/2	1/2	3/4	2	1	1/4		1/4	1		7	61	199
56	1.0	19	19	1/2	1/2	3/4	2	1	1/4		1/4	1		4	64	199
56	1.0	19	19	1/2	1/2	3/4	2	1	1/4		1/4	1		3	69	199
56	0.25	19	19	1/2	1/2	3/4	1	1	1/16		1/16	1		7	73	193
56	0.25	19	19	1/2	1/2	3/4	1	1	1/16		1/16	1		4	76	193
56	0.25	19	19	1/2	1/2	3/4	1	1	1/16		1/16	1		3	81	193
56	0.25	19	19	1/2	1/2	3/4	1	1	1/16		1/16	1		7	85	193
225/4	0.25	19	19	9/16	9/16	3/4	1	1	1/16		1/16	1		5	71	194
225/4	0.25	19	19	9/16	9/16	3/4	1	1	1/16		1/16	1		5	83	194
113/2	0.5	19	19	5/8	5/8	3/4	1	1	1/8		1/8	1		3	69	195
113/2	0.5	19	19	5/8	5/8	3/4	1	1	1/8		1/8	1		3	81	195
57	0.5	20	20	0	0	3/4	2	1	1/8		1/8	1		8	32	200
57	0.5	20	20	0	0	3/4	2	1	1/8		1/8	1		8	44	200
115/2	0.5	20	20	1/8	1/8	3/4	2	1	1/8		1/8	1		5	35	201
115/2	0.5	20	20	1/8	1/8	3/4	2	1	1/8		1/8	1		5	47	201
58	1.0	20	20	1/4	1/4	3/4	2	1	1/4		1/4	1		5	35	202
58	1.0	20	20	1/4	1/4	3/4	2	1	1/4		1/4	1		5	47	202
59	0.25	20	20	1/2	1/2	3/4	2	1	1/16		1/16	1		7	37	203
59	0.25	20	20	1/2	1/2	3/4	2	1	1/16		1/16	1		7	49	203
237/4	0.25	20	20	9/16	9/16	3/4	2	1	1/16		1/16	1		5	35	204
237/4	0.25	20	20	9/16	9/16	3/4	2	1	1/16		1/16	1		5	47	204
119/2	0.5	20	20	5/8	5/8	3/4	2	1	1/8		1/8	1		3	33	205
119/2	0.5	20	20	5/8	5/8	3/4	2	1	1/8		1/8	1		3	45	205
60	0.5	21	21	0	0	3/4	2	1	1/8		1/8	1		8	32	206
60	0.5	21	21	0	0	3/4	2	1	1/8		1/8	1		8	44	206
121/2	0.5	21	21	1/8	1/8	3/4	2	1	1/8		1/8	1		4	28	207
121/2	0.5	21	21	1/8	1/8	3/4	2	1	1/8		1/8	1		4	40	207
61	1.0	21	21	1/4	1/4	3/4	2	1	1/4		1/4	1		4	28	208
61	1.0	21	21	1/4	1/4	3/4	2	1	1/4		1/4	1		4	40	208
62	1.0	21	21	1/2	1/2	3/4	2	1	1/4		1/4	1		6	30	209
62	1.0	21	21	1/2	1/2	3/4	2	1	1/4		1/4	1		6	42	209
63	3.0	22	22	0	0	3/4	2	1	3/4		1/2	3/2		7	25	211
63	3.0	22	22	0	0	3/4	2	1	3/4		1/2	3/2		7	37	211
63	3.0	22	22	0	0	3/4	1	1	3/4		1/2	3/2		7	49	210
66	1.0	23	23	0	0	3/4	2	1	1/4		1/4	1		8	44	220
66	1.0	23	23	0	0	3/4	2	1	1/4		1/4	1		7	49	220
66	1.0	23	23	0	0	3/4	1	1	1/4		1/4	1		6	54	212
66	1.0	23	23	0	0	3/4	1	1	1/4		1/4	1		5	59	212
66	1.0	23	23	0	0	3/4	1	2	1/4		1/4	1		7	61	217
67	1.0	23	23	1/4	1/4	3/4	2	1	1/4		1/4	1		8	44	221
67	1.0	23	23	1/4	1/4	3/4	2	1	1/4		1/4	1		7	49	221
67	1.0	23	23	1/4	1/4	3/4	1	1	1/4		1/4	1		6	54	213
67	1.0	23	23	1/4	1/4	3/4	1	1	1/4		1/4	1		5	59	213
67	1.0	23	23	1/4	1/4	3/4	1	2	1/4		1/4	1		7	61	218
68	1.0	23	23	1/2	1/2	3/4	2	1	1/4		1/4	1		5	47	222
68	1.0	23	23	1/2	1/2	3/4	2	1	1/4		1/4	1		4	52	222
68	0.5	23	23	1/2	1/2	3/4	1	1	1/8		1/8	1		3	57	214
68	0.5	23	23	1/2	1/2	3/4	1	1	1/8		1/8	1		2	62	214
68	1.0	23	23	1/2	1/2	3/4	1	2	1/4		1/4	1		4	64	219
137/2	0.25	23	23	5/8	5/8	3/4	1	1	1/16		1/16	1		8	56	215
275/4	0.25	23	23	11/16	11/16	3/4	1	1	1/16		1/16	1		1	55	216
69	1.0	24	24	0	0	3/4	2	1	1/4		1/4	1	1	8	44	227
69	1.0	24	24	0	0	3/4	2	1	1/4		1/4	1		7	49	227
69	1.0	24	24	0	0	3/4	1	1	1/4		1/4	1		6	54	223
69	1.0	24	24	0	0	3/4	1	1	1/4		1/4	1		5	59	223
69	1.0	24	24	0	0	3/4	1	2	1/4		1/4	1		7	61	225
70	2.0	24	24	1/4	1/4	3/4	2	1	1/2		1/2	1	-1	8	44	228
70	2.0	24	24	1/4	1/4	3/4	2	1	1/2		1/2	1		7	49	228
70	2.0	24	24	1/4	1/4	3/4	1	1	1/2		1/2	1		6	54	224
70	2.0	24	24	1/4	1/4	3/4	1	1	1/2		1/2	1		5	59	224
70	2.0	24	24	1/4	1/4	3/4	1	2	1/2		1/2	1		7	61	226
141/2	1.0	24	24	3/8	3/8	3/4	2	2	1/4		1/4	1		7	37	229
143/2	0.5	24	24	5/8	5/8	3/4	2	2	1/8		1/8	1		8	32	230
72	1.0	25	25	0	0	3/4	2	1	1/4		1/4	1		8	44	240
72	1.0	25	25	0	0	3/4	2	1	1/4		1/4	1		7	49	240
72	1.0	25	25	0	0	3/4	1	1	1/4		1/4	1		6	54	231
72	1.0	25	25	0	0	3/4	1	1	1/4		1/4	1		5	59	231
72	1.0	25	25	0	0	3/4	1	2	1/4		1/4	1		7	61	236
73	1.0	25	25	1/4	1/4	3/4	2	1	1/4		1/4	1		8	44	241
73	1.0	25	25	1/4	1/4	3/4	2	1	1/4		1/4	1		7	49	241
73	1.0	25	25	1/4	1/4	3/4	1	1	1/4		1/4	1		6	54	232
73	1.0	25	25	1/4	1/4	3/4	1	1	1/4		1/4	1		5	59	232
73	1.0	25	25	1/4	1/4	3/4	1	2	1/4		1/4	1		7	61	237
74	1.0	25	25	1/2	1/2	3/4	2	1	1/4		1/4	1		5	47	242
74	1.0	25	25	1/2	1/2	3/4	2	1	1/4		1/4	1		4	52	242
74	0.5	25	25	1/2	1/2	3/4	1	1	1/8		1/8	1		3	57	233
74	0.5	25	25	1/2	1/2	3/4	1	1	1/8		1/8	1		2	62	233
74	0.5	25	25	1/2	1/2	3/4	1	2	1/8		1/8	1		4	64	238
149/2	0.25	25	25	5/8	5/8	3/4	1	1	1/16		1/16	1		8	56	234
149/2	0.5	25	25	5/8	5/8	3/4	1	2	1/8		1/8	1		6	66	239
299/4	0.25	25	25	11/16	11/16	3/4	1	1	1/16		1/16	1		1	55	235
75	1.0	26	26	0	0	3/4	2	1	1/4		1/4	1	1	8	44	247
75	1.0	26	26	0	0	3/4	2	1	1/4		1/4	1		7	49	247
75	1.0	26	26	0	0	3/4	1	1	1/4		1/4	1		6	54	243
75	1.0	26	26	0	0	3/4	1	1	1/4		1/4	1		5	59	243
75	1.0	26	26	0	0	3/4	1	2	1/4		1/4	1		7	61	245
76	2.0	26	26	1/4	1/4	3/4	2	1	1/2		1/2	1	-1	8	44	248
76	2.0	26	26	1/4	1/4	3/4	2	1	1/2		1/2	1		7	49	248
76	2.0	26	26	1/4	1/4	3/4	1	1	1/2		1/2	1		6	54	244
76	2.0	26	26	1/4	1/4	3/4	1	1	1/2		1/2	1		5	59	244
76	2.0	26	26	1/4	1/4	3/4	1	2	1/2		1/2	1		7	61	246
153/2	1.0	26	26	3/8	3/8	3/4	2	2	1/4		1/4	1		8	32	249
155/2	0.5	26	26	5/8	5/8	3/4	2	2	1/8		1/8	1		7	25	250
78	1.0	27	27	0	0	3/4	2	1	1/4		1/4	1		5	47	257
78	1.0	27	27	0	0	3/4	2	1	1/4		1/4	1		4	52	257
78	1.0	27	27	0	0	3/4	1	1	1/4		1/4	1		3	57	251
78	1.0	27	27	0	0	3/4	1	1	1/4		1/4	1		2	62	251
78	1.0	27	27	0	0	3/4	1	1	1/4		1/4	1		4	64	251
79	1.0	27	27	1/4	1/4	3/4	2	1	1/4		1/4	1		5	47	258
79	1.0	27	27	1/4	1/4	3/4	2	1	1/4		1/4	1		4	52	258
79	1.0	27	27	1/4	1/4	3/4	1	1	1/4		1/4	1		3	57	252
79	1.0	27	27	1/4	1/4	3/4	1	1	1/4		1/4	1		2	62	252
79	1.0	27	27	1/4	1/4	3/4	1	1	1/4		1/4	1		4	64	252
80	1.0	27	27	1/2	1/2	3/4	2	1	1/4		1/4	1		2	50	259
80	1.0	27	27	1/2	1/2	3/4	2	1	1/4		1/4	1		1	55	259
80	0.5	27	27	1/2	1/2	3/4	1	2	1/8		1/8	1		0	60	254
80	1.0	27	27	1/2	1/2	3/4	1	1	1/4		1/4	1		-1	65	253
80	1.0	27	27	1/2	1/2	3/4	1	1	1/4		1/4	1		1	67	253
161/2	0.25	27	27	5/8	5/8	3/4	1	2	1/16		1/16	1		5	59	255
323/4	0.25	27	27	11/16	11/16	3/4	1	2	1/16		1/16	1		-2	58	256
81	1.0	28	28	0	0	3/4	2	1	1/4		1/4	1		5	47	267
81	1.0	28	28	0	0	3/4	2	1	1/4		1/4	1		4	52	267
81	1.0	28	28	0	0	3/4	1	1	1/4		1/4	1		3	57	260
81	1.0	28	28	0	0	3/4	1	1	1/4		1/4	1		2	62	260
81	1.0	28	28	0	0	3/4	1	1	1/4		1/4	1		4	64	260
82	1.0	28	28	1/4	1/4	3/4	2	1	1/4		1/4	1		5	47	268
82	1.0	28	28	1/4	1/4	3/4	2	1	1/4		1/4	1		4	52	268
82	1.0	28	28	1/4	1/4	3/4	1	1	1/4		1/4	1		3	57	261
82	1.0	28	28	1/4	1/4	3/4	1	1	1/4		1/4	1		2	62	261
82	1.0	28	28	1/4	1/4	3/4	1	1	1/4		1/4	1		4	64	261
83	1.0	28	28	1/2	1/2	3/4	2	1	1/4		1/4	1		2	50	269
83	1.0	28	28	1/2	1/2	3/4	2	1	1/4		1/4	1		1	55	269
83	0.5	28	28	1/2	1/2	3/4	1	2	1/8		1/8	1		0	60	264
83	1.0	28	28	1/2	1/2	3/4	1	3	1/4		1/4	1		-1	65	266
83	0.5	28	28	1/2	1/2	3/4	1	1	1/8		1/8	1		1	67	262
167/2	0.5	28	28	5/8	5/8	3/4	1	2	1/8		1/8	1		5	59	265
167/2	0.5	28	28	5/8	5/8	3/4	1	1	1/8		1/8	1		3	69	263
84	1.0	29	29	0	0	3/4	2	1	1/4		1/4	1		9	39	276
84	1.0	29	29	0	0	3/4	2	1	1/4		1/4	1		8	44	276
84	1.0	29	29	0	0	3/4	2	1	1/4		1/4	1		6	54	276
84	1.0	29	29	0	0	3/4	2	2	1/4		1/4	1		10	58	279
84	1.0	29	29	0	0	3/4	1	1	1/4		1/4	1		9	63	270
84	1.0	29	29	0	0	3/4	1	1	1/4		1/4	1		8	68	270
84	1.0	29	29	0	0	3/4	1	1	1/4		1/4	1		10	70	270
85	1.0	29	29	1/4	1/4	3/4	2	1	1/4		1/4	1		6	42	277
85	1.0	29	29	1/4	1/4	3/4	2	1	1/4		1/4	1		7	49	277
85	1.0	29	29	1/4	1/4	3/4	2	1	1/4		1/4	1		6	54	277
85	1.0	29	29	1/4	1/4	3/4	2	2	1/4		1/4	1		10	58	280
85	1.0	29	29	1/4	1/4	3/4	1	1	1/4		1/4	1		7	61	271
85	1.0	29	29	1/4	1/4	3/4	1	1	1/4		1/4	1		6	66	271
85	1.0	29	29	1/4	1/4	3/4	1	1	1/4		1/4	1		10	70	271
86	1.0	29	29	1/2	1/2	3/4	2	1	1/4		1/4	1		8	44	278
86	1.0	29	29	1/2	1/2	3/4	2	1	1/4		1/4	1		9	51	278
86	1.0	29	29	1/2	1/2	3/4	2	1	1/4		1/4	1		8	56	278
86	0.5	29	29	1/2	1/2	3/4	1	1	1/8		1/8	1		9	63	272
86	1.0	29	29	1/2	1/2	3/4	1	2	1/4		1/4	1		6	66	275
86	1.0	29	29	1/2	1/2	3/4	1	2	1/4		1/4	1		10	70	275
86	0.5	29	29	1/2	1/2	3/4	1	1	1/8		1/8	1		9	75	272
173/2	0.25	29	29	5/8	5/8	3/4	1	1	1/16		1/16	1		7	61	273
173/2	0.25	29	29	5/8	5/8	3/4	1	1	1/16		1/16	1		7	73	273
347/4	0.25	29	29	11/16	11/16	3/4	1	1	1/16		1/16	1		12	60	274
347/4	0.25	29	29	11/16	11/16	3/4	1	1	1/16		1/16	1		12	72	274
87	1.0	30	30	0	0	3/4	2	1	1/4		1/4	1		9	39	290
87	1.0	30	30	0	0	3/4	2	1	1/4		1/4	1		8	44	290
87	1.0	30	30	0	0	3/4	2	1	1/4		1/4	1		6	54	290
87	0.5	30	30	0	0	3/4	1	1	1/8		1/8	1		10	58	281
87	1.0	30	30	0	0	3/4	1	2	1/4		1/4	1		9	63	287
87	1.0	30	30	0	0	3/4	1	2	1/4		1/4	1		8	68	287
87	0.5	30	30	0	0	3/4	1	1	1/8		1/8	1		10	70	281
175/2	0.5	30	30	1/8	1/8	3/4	1	1	1/8		1/8	1		12	60	282
175/2	0.5	30	30	1/8	1/8	3/4	1	1	1/8		1/8	1		12	72	282
88	1.0	30	30	1/4	1/4	3/4	2	1	1/4		1/4	1		6	42	291
88	1.0	30	30	1/4	1/4	3/4	2	1	1/4		1/4	1		7	49	291
88	1.0	30	30	1/4	1/4	3/4	2	1	1/4		1/4	1		10	58	291
88	0.5	30	30	1/4	1/4	3/4	1	1	1/8		1/8	1		7	61	283
88	1.0	30	30	1/4	1/4	3/4	1	2	1/4		1/4	1		6	66	288
88	1.0	30	30	1/4	1/4	3/4	1	2	1/4		1/4	1		10	70	288
88	0.5	30	30	1/4	1/4	3/4	1	1	1/8		1/8	1		7	73	283
177/2	0.5	30	30	3/8	3/8	3/4	1	1	1/8		1/8	1		9	63	284
177/2	0.5	30	30	3/8	3/8	3/4	1	1	1/8		1/8	1		9	75	284
89	1.0	30	30	1/2	1/2	3/4	2	1	1/4		1/4	1		10	46	292
89	1.0	30	30	1/2	1/2	3/4	2	1	1/4		1/4	1		11	53	292
89	1.0	30	30	1/2	1/2	3/4	2	1	1/4		1/4	1		7	61	292
89	0.5	30	30	1/2	1/2	3/4	1	1	1/8		1/8	1		4	64	285
89	1.0	30	30	1/2	1/2	3/4	1	2	1/4		1/4	1		10	70	289
89	1.0	30	30	1/2	1/2	3/4	1	2	1/4		1/4	1		7	73	289
89	0.5	30	30	1/2	1/2	3/4	1	1	1/8		1/8	1		4	76	285
179/2	0.5	30	30	5/8	5/8	3/4	1	1	1/8		1/8	1		7	61	286
179/2	0.5	30	30	5/8	5/8	3/4	1	1	1/8		1/8	1		7	73	286
90	0.5	31	31	0	0	3/4	2	1	1/8		1/8	1		8	56	302
90	1.0	31	31	0	0	3/4	2	2	1/4		1/4	1		5	59	306
90	1.0	31	31	0	0	3/4	1	2	1/4		1/4	1		9	63	299
90	0.5	31	31	0	0	3/4	1	1	1/8		1/8	1		11	65	293
181/2	0.5	31	31	1/8	1/8	3/4	2	1	1/8		1/8	1		11	53	303
181/2	0.5	31	31	1/8	1/8	3/4	1	1	1/8		1/8	1		8	68	294
91	1.0	31	31	1/4	1/4	3/4	2	1	1/4		1/4	1		4	52	304
91	1.0	31	31	1/4	1/4	3/4	2	2	1/4		1/4	1		8	56	307
91	1.0	31	31	1/4	1/4	3/4	1	2	1/4		1/4	1		2	62	300
91	1.0	31	31	1/4	1/4	3/4	1	2	1/4		1/4	1		6	66	300
91	1.0	31	31	1/4	1/4	3/4	1	1	1/4		1/4	1		7	73	295
92	1.0	31	31	1/2	1/2	3/4	2	1	1/4		1/4	1		8	44	305
92	1.0	31	31	1/2	1/2	3/4	2	1	1/4		1/4	1		9	51	305
92	1.0	31	31	1/2	1/2	3/4	2	1	1/4		1/4	1		8	56	305
92	1.0	31	31	1/2	1/2	3/4	1	2	1/4		1/4	1		5	59	301
92	1.0	31	31	1/2	1/2	3/4	1	2	1/4		1/4	1		9	63	301
92	0.25	31	31	1/2	1/2	3/4	1	1	1/16		1/16	1		5	71	296
369/4	0.25	31	31	9/16	9/16	3/4	1	1	1/16		1/16	1		3	69	297
185/2	0.5	31	31	5/8	5/8	3/4	1	1	1/8		1/8	1		8	68	298
93	3.0	32	32	0	0	3/4	2	1	3/4		1/2	3/2		4	40	309
93	3.0	32	32	0	0	3/4	2	1	3/4		1/2	3/2		5	47	309
93	3.0	32	32	0	0	3/4	2	1	3/4		1/2	3/2		4	52	309
93	3.0	32	32	0	0	3/4	1	1	3/4		1/2	3/2		8	56	308
93	3.0	32	32	0	0	3/4	1	1	3/4		1/2	3/2		5	59	308
93	3.0	32	32	0	0	3/4	1	1	3/4		1/2	3/2		4	64	308
93	3.0	32	32	0	0	3/4	1	1	3/4		1/2	3/2		8	68	308
94	1.0	32	32	1/4	1/4	3/4	2	2	1/4		1/4	1		5	35	310
95	1.0	32	32	1/2	1/2	3/4	2	2	1/4		1/4	1		4	28	311
96	1.0	33	33	0	0	3/4	2	1	1/4		1/4	1		5	35	318
96	1.0	33	33	0	0	3/4	2	1	1/4		1/4	1		4	40	318
96	1.0	33	33	0	0	3/4	2	1	1/4		1/4	1		2	50	318
96	1.0	33	33	0	0	3/4	2	2	1/4		1/4	1		6	54	321
96	1.0	33	33	0	0	3/4	2	2	1/4		1/4	1		5	59	321
96	1.0	33	33	0	0	3/4	1	1	1/4		1/4	1		4	64	312
96	1.0	33	33	0	0	3/4	1	1	1/4		1/4	1		6	66	312
97	1.0	33	33	1/4	1/4	3/4	2	1	1/4		1/4	1		2	38	319
97	1.0	33	33	1/4	1/4	3/4	2	1	1/4		1/4	1		3	45	319
97	1.0	33	33	1/4	1/4	3/4	2	1	1/4		1/4	1		2	50	319
97	1.0	33	33	1/4	1/4	3/4	2	2	1/4		1/4	1		6	54	322
97	1.0	33	33	1/4	1/4	3/4	2	2	1/4		1/4	1		3	57	322
97	1.0	33	33	1/4	1/4	3/4	1	1	1/4		1/4	1		2	62	313
97	1.0	33	33	1/4	1/4	3/4	1	1	1/4		1/4	1		6	66	313
98	1.0	33	33	1/2	1/2	3/4	2	1	1/4		1/4	1		4	40	320
98	1.0	33	33	1/2	1/2	3/4	2	1	1/4		1/4	1		5	47	320
98	1.0	33	33	1/2	1/2	3/4	2	1	1/4		1/4	1		6	54	320
98	0.5	33	33	1/2	1/2	3/4	2	2	1/8		1/8	1		5	59	323
98	1.0	33	33	1/2	1/2	3/4	1	2	1/4		1/4	1		2	62	317
98	1.0	33	33	1/2	1/2	3/4	1	2	1/4		1/4	1		6	66	317
98	0.5	33	33	1/2	1/2	3/4	1	1	1/8		1/8	1		5	71	314
197/2	0.25	33	33	5/8	5/8	3/4	2	2	1/16		1/16	1		3	57	324
197/2	0.25	33	33	5/8	5/8	3/4	1	1	1/16		1/16	1		3	69	315
395/4	0.25	33	33	11/16	11/16	3/4	2	2	1/16		1/16	1		8	56	325
395/4	0.25	33	33	11/16	11/16	3/4	1	1	1/16		1/16	1		8	68	316
99	1.0	34	34	0	0	3/4	2	1	1/4		1/4	1		5	35	335
99	1.0	34	34	0	0	3/4	2	1	1/4		1/4	1		4	40	335
99	1.0	34	34	0	0	3/4	2	1	1/4		1/4	1		2	50	335
99	0.5	34	34	0	0	3/4	2	2	1/8		1/8	1		6	54	338
99	1.0	34	34	0	0	3/4	1	2	1/4		1/4	1		5	59	332
99	1.0	34	34	0	0	3/4	1	2	1/4		1/4	1		4	64	332
99	0.5	34	34	0	0	3/4	1	1	1/8		1/8	1		6	66	326
199/2	0.5	34	34	1/8	1/8	3/4	2	2	1/8		1/8	1		8	56	339
199/2	0.5	34	34	1/8	1/8	3/4	1	1	1/8		1/8	1		8	68	327
100	1.0	34	34	1/4	1/4	3/4	2	1	1/4		1/4	1		2	38	336
100	1.0	34	34	1/4	1/4	3/4	2	1	1/4		1/4	1		3	45	336
100	1.0	34	34	1/4	1/4	3/4	2	1	1/4		1/4	1		6	54	336
100	0.5	34	34	1/4	1/4	3/4	2	2	1/8		1/8	1		3	57	340
100	1.0	34	34	1/4	1/4	3/4	1	2	1/4		1/4	1		2	62	333
100	1.0	34	34	1/4	1/4	3/4	1	2	1/4		1/4	1		6	66	333
100	0.5	34	34	1/4	1/4	3/4	1	1	1/8		1/8	1		3	69	328
201/2	0.5	34	34	3/8	3/8	3/4	2	2	1/8		1/8	1		5	59	341
201/2	0.5	34	34	3/8	3/8	3/4	1	1	1/8		1/8	1		5	71	329
101	1.0	34	34	1/2	1/2	3/4	2	1	1/4		1/4	1		6	42	337
101	1.0	34	34	1/2	1/2	3/4	2	1	1/4		1/4	1		7	49	337
101	1.0	34	34	1/2	1/2	3/4	2	1	1/4		1/4	1		3	57	337
101	0.5	34	34	1/2	1/2	3/4	1	1	1/8		1/8	1		7	61	330
101	1.0	34	34	1/2	1/2	3/4	1	2	1/4		1/4	1		6	66	334
101	1.0	34	34	1/2	1/2	3/4	1	2	1/4		1/4	1		3	69	334
101	0.5	34	34	1/2	1/2	3/4	1	1	1/8		1/8	1		7	73	330
203/2	0.5	34	34	5/8	5/8	3/4	1	1	1/8		1/8	1		3	57	331
203/2	0.5	34	34	5/8	5/8	3/4	1	1	1/8		1/8	1		3	69	331
102	0.5	35	35	0	0	3/4	2	2	1/8		1/8	1		6	54	348
102	0.5	35	35	0	0	3/4	2	2	1/8		1/8	1		3	57	348
102	0.5	35	35	0	0	3/4	2	2	1/8		1/8	1		7	61	348
102	0.5	35	35	0	0	3/4	2	2	1/8		1/8	1		9	63	348
102	0.5	35	35	0	0	3/4	1	1	1/8		1/8	1		6	66	342
102	0.5	35	35	0	0	3/4	1	1	1/8		1/8	1		3	69	342
102	0.5	35	35	0	0	3/4	1	1	1/8		1/8	1		7	73	342
102	0.5	35	35	0	0	3/4	1	1	1/8		1/8	1		9	75	342
205/2	0.5	35	35	1/8	1/8	3/4	2	2	1/8		1/8	1		8	56	349
205/2	0.5	35	35	1/8	1/8	3/4	2	2	1/8		1/8	1		5	59	349
205/2	0.5	35	35	1/8	1/8	3/4	2	2	1/8		1/8	1		7	61	349
205/2	0.5	35	35	1/8	1/8	3/4	2	2	1/8		1/8	1		4	64	349
205/2	0.5	35	35	1/8	1/8	3/4	1	1	1/8		1/8	1		8	68	343
205/2	0.5	35	35	1/8	1/8	3/4	1	1	1/8		1/8	1		5	71	343
205/2	0.5	35	35	1/8	1/8	3/4	1	1	1/8		1/8	1		7	73	343
205/2	0.5	35	35	1/8	1/8	3/4	1	1	1/8		1/8	1		4	76	343
103	1.0	35	35	1/4	1/4	3/4	2	2	1/4		1/4	1		8	56	350
103	1.0	35	35	1/4	1/4	3/4	2	2	1/4		1/4	1		5	59	350
103	1.0	35	35	1/4	1/4	3/4	2	2	1/4		1/4	1		7	61	350
103	1.0	35	35	1/4	1/4	3/4	2	2	1/4		1/4	1		4	64	350
103	1.0	35	35	1/4	1/4	3/4	1	1	1/4		1/4	1		8	68	344
103	1.0	35	35	1/4	1/4	3/4	1	1	1/4		1/4	1		5	71	344
103	1.0	35	35	1/4	1/4	3/4	1	1	1/4		1/4	1		7	73	344
103	1.0	35	35	1/4	1/4	3/4	1	1	1/4		1/4	1		4	76	344
207/2	1.0	35	35	3/8	3/8	3/4	2	1	1/4		1/4	1		7	49	346
104	1.0	35	35	1/2	1/2	3/4	2	2	1/4		1/4	1		6	54	351
104	1.0	35	35	1/2	1/2	3/4	2	2	1/4		1/4	1		3	57	351
104	1.0	35	35	1/2	1/2	3/4	2	2	1/4		1/4	1		7	61	351
104	1.0	35	35	1/2	1/2	3/4	2	2	1/4		1/4	1		9	63	351
104	1.0	35	35	1/2	1/2	3/4	1	1	1/4		1/4	1		6	66	345
104	1.0	35	35	1/2	1/2	3/4	1	1	1/4		1/4	1		3	69	345
104	1.0	35	35	1/2	1/2	3/4	1	1	1/4		1/4	1		7	73	345
104	1.0	35	35	1/2	1/2	3/4	1	1	1/4		1/4	1		9	75	345
209/2	0.5	35	35	5/8	5/8	3/4	2	1	1/8		1/8	1		6	42	347
105	1.0	36	36	0	0	3/4	2	2	1/4		1/4	1		6	30	363
105	0.5	36	36	0	0	3/4	1	1	1/8		1/8	1		6	66	352
105	0.5	36	36	0	0	3/4	1	1	1/8		1/8	1		3	69	352
105	0.5	36	36	0	0	3/4	1	1	1/8		1/8	1		7	73	352
105	0.5	36	36	0	0	3/4	1	1	1/8		1/8	1		9	75	352
211/2	0.5	36	36	1/8	1/8	3/4	2	1	1/8		1/8	1		5	59	358
211/2	0.5	36	36	1/8	1/8	3/4	2	1	1/8		1/8	1		9	63	358
211/2	0.5	36	36	1/8	1/8	3/4	2	1	1/8		1/8	1		4	64	358
211/2	0.5	36	36	1/8	1/8	3/4	2	1	1/8		1/8	1		8	68	358
211/2	0.5	36	36	1/8	1/8	3/4	1	1	1/8		1/8	1		5	71	353
211/2	0.5	36	36	1/8	1/8	3/4	1	1	1/8		1/8	1		9	75	353
211/2	0.5	36	36	1/8	1/8	3/4	1	1	1/8		1/8	1		4	76	353
211/2	0.5	36	36	1/8	1/8	3/4	1	1	1/8		1/8	1		8	80	353
106	0.25	36	36	1/4	1/4	3/4	2	1	1/16		1/16	1		3	57	359
106	0.25	36	36	1/4	1/4	3/4	2	1	1/16		1/16	1		7	61	359
106	0.25	36	36	1/4	1/4	3/4	2	1	1/16		1/16	1		9	63	359
106	0.25	36	36	1/4	1/4	3/4	2	1	1/16		1/16	1		6	66	359
106	0.25	36	36	1/4	1/4	3/4	1	1	1/16		1/16	1		3	69	354
106	0.25	36	36	1/4	1/4	3/4	1	1	1/16		1/16	1		7	73	354
106	0.25	36	36	1/4	1/4	3/4	1	1	1/16		1/16	1		9	75	354
106	0.25	36	36	1/4	1/4	3/4	1	1	1/16		1/16	1		6	78	354
425/4	0.25	36	36	5/16	5/16	3/4	2	1	1/16		1/16	1		8	56	360
425/4	0.25	36	36	5/16	5/16	3/4	2	1	1/16		1/16	1		5	59	360
425/4	0.25	36	36	5/16	5/16	3/4	2	1	1/16		1/16	1		7	61	360
425/4	0.25	36	36	5/16	5/16	3/4	2	1	1/16		1/16	1		4	64	360
425/4	0.25	36	36	5/16	5/16	3/4	1	1	1/16		1/16	1		8	68	355
425/4	0.25	36	36	5/16	5/16	3/4	1	1	1/16		1/16	1		5	71	355
425/4	0.25	36	36	5/16	5/16	3/4	1	1	1/16		1/16	1		7	73	355
425/4	0.25	36	36	5/16	5/16	3/4	1	1	1/16		1/16	1		4	76	355
213/2	0.5	36	36	3/8	3/8	3/4	2	1	1/8		1/8	1		6	54	361
213/2	0.5	36	36	3/8	3/8	3/4	2	1	1/8		1/8	1		3	57	361
213/2	0.5	36	36	3/8	3/8	3/4	2	1	1/8		1/8	1		7	61	361
213/2	0.5	36	36	3/8	3/8	3/4	2	1	1/8		1/8	1		9	63	361
213/2	0.5	36	36	3/8	3/8	3/4	1	1	1/8		1/8	1		6	66	356
213/2	0.5	36	36	3/8	3/8	3/4	1	1	1/8		1/8	1		3	69	356
213/2	0.5	36	36	3/8	3/8	3/4	1	1	1/8		1/8	1		7	73	356
213/2	0.5	36	36	3/8	3/8	3/4	1	1	1/8		1/8	1		9	75	356
107	1.0	36	36	1/2	1/2	3/4	2	1	1/4		1/4	1		6	54	362
107	1.0	36	36	1/2	1/2	3/4	2	1	1/4		1/4	1		3	57	362
107	1.0	36	36	1/2	1/2	3/4	2	1	1/4		1/4	1		7	61	362
107	1.0	36	36	1/2	1/2	3/4	2	1	1/4		1/4	1		9	63	362
107	1.0	36	36	1/2	1/2	3/4	1	1	1/4		1/4	1		6	66	357
107	1.0	36	36	1/2	1/2	3/4	1	1	1/4		1/4	1		3	69	357
107	1.0	36	36	1/2	1/2	3/4	1	1	1/4		1/4	1		7	73	357
107	1.0	36	36	1/2	1/2	3/4	1	1	1/4		1/4	1		9	75	357
108	0.5	37	37	0	0	3/4	2	2	1/8		1/8	1		3	57	374
108	0.5	37	37	0	0	3/4	2	2	1/8		1/8	1		7	61	374
108	0.5	37	37	0	0	3/4	2	2	1/8		1/8	1		9	63	374
108	0.5	37	37	0	0	3/4	1	2	1/8		1/8	1		6	66	368
108	0.5	37	37	0	0	3/4	1	1	1/8		1/8	1		3	69	364
108	0.5	37	37	0	0	3/4	1	1	1/8		1/8	1		7	73	364
108	0.5	37	37	0	0	3/4	1	1	1/8		1/8	1		9	75	364
108	0.5	37	37	0	0	3/4	1	1	1/8		1/8	1		6	78	364
217/2	0.5	37	37	1/8	1/8	3/4	2	2	1/8		1/8	1		5	59	375
217/2	0.5	37	37	1/8	1/8	3/4	2	2	1/8		1/8	1		9	63	375
217/2	0.5	37	37	1/8	1/8	3/4	1	2	1/8		1/8	1		4	64	369
217/2	0.5	37	37	1/8	1/8	3/4	1	2	1/8		1/8	1		8	68	369
217/2	0.5	37	37	1/8	1/8	3/4	1	1	1/8		1/8	1		5	71	365
217/2	0.5	37	37	1/8	1/8	3/4	1	1	1/8		1/8	1		9	75	365
217/2	0.5	37	37	1/8	1/8	3/4	1	1	1/8		1/8	1		4	76	365
217/2	0.5	37	37	1/8	1/8	3/4	1	1	1/8		1/8	1		8	80	365
109	1.0	37	37	1/4	1/4	3/4	2	2	1/4		1/4	1		5	59	376
109	1.0	37	37	1/4	1/4	3/4	2	2	1/4		1/4	1		9	63	376
109	1.0	37	37	1/4	1/4	3/4	1	2	1/4		1/4	1		4	64	370
109	1.0	37	37	1/4	1/4	3/4	1	2	1/4		1/4	1		8	68	370
109	1.0	37	37	1/4	1/4	3/4	1	1	1/4		1/4	1		5	71	366
109	1.0	37	37	1/4	1/4	3/4	1	1	1/4		1/4	1		9	75	366
109	1.0	37	37	1/4	1/4	3/4	1	1	1/4		1/4	1		4	76	366
109	1.0	37	37	1/4	1/4	3/4	1	1	1/4		1/4	1		8	80	366
219/2	1.0	37	37	3/8	3/8	3/4	2	1	1/4		1/4	1		7	49	372
110	1.0	37	37	1/2	1/2	3/4	2	2	1/4		1/4	1		3	57	377
110	1.0	37	37	1/2	1/2	3/4	2	2	1/4		1/4	1		7	61	377
110	1.0	37	37	1/2	1/2	3/4	1	2	1/4		1/4	1		9	63	371
110	1.0	37	37	1/2	1/2	3/4	1	2	1/4		1/4	1		6	66	371
110	1.0	37	37	1/2	1/2	3/4	1	1	1/4		1/4	1		3	69	367
110	1.0	37	37	1/2	1/2	3/4	1	1	1/4		1/4	1		7	73	367
110	1.0	37	37	1/2	1/2	3/4	1	1	1/4		1/4	1		9	75	367
110	1.0	37	37	1/2	1/2	3/4	1	1	1/4		1/4	1		6	78	367
221/2	0.5	37	37	5/8	5/8	3/4	2	1	1/8		1/8	1		6	42	373
111	1.0	38	38	0	0	3/4	2	2	1/4		1/4	1		6	30	391
111	0.5	38	38	0	0	3/4	1	1	1/8		1/8	1		3	69	378
111	0.5	38	38	0	0	3/4	1	1	1/8		1/8	1		7	73	378
111	0.5	38	38	0	0	3/4	1	1	1/8		1/8	1		9	75	378
111	0.5	38	38	0	0	3/4	1	1	1/8		1/8	1		6	78	378
223/2	0.5	38	38	1/8	1/8	3/4	2	1	1/8		1/8	1		9	63	385
223/2	0.5	38	38	1/8	1/8	3/4	2	1	1/8		1/8	1		4	64	385
223/2	0.5	38	38	1/8	1/8	3/4	2	1	1/8		1/8	1		8	68	385
223/2	0.5	38	38	1/8	1/8	3/4	2	1	1/8		1/8	1		5	71	385
223/2	0.5	38	38	1/8	1/8	3/4	1	1	1/8		1/8	1		9	75	379
223/2	0.5	38	38	1/8	1/8	3/4	1	1	1/8		1/8	1		4	76	379
223/2	0.5	38	38	1/8	1/8	3/4	1	1	1/8		1/8	1		8	80	379
223/2	0.5	38	38	1/8	1/8	3/4	1	1	1/8		1/8	1		5	83	379
112	0.25	38	38	1/4	1/4	3/4	2	1	1/16		1/16	1		7	61	386
112	0.25	38	38	1/4	1/4	3/4	2	1	1/16		1/16	1		9	63	386
112	0.25	38	38	1/4	1/4	3/4	2	1	1/16		1/16	1		6	66	386
112	0.25	38	38	1/4	1/4	3/4	2	1	1/16		1/16	1		3	69	386
112	0.25	38	38	1/4	1/4	3/4	1	1	1/16		1/16	1		7	73	380
112	0.25	38	38	1/4	1/4	3/4	1	1	1/16		1/16	1		9	75	380
112	0.25	38	38	1/4	1/4	3/4	1	1	1/16		1/16	1		6	78	380
112	0.25	38	38	1/4	1/4	3/4	1	1	1/16		1/16	1		3	81	380
449/4	0.25	38	38	5/16	5/16	3/4	2	1	1/16		1/16	1		5	59	387
449/4	0.25	38	38	5/16	5/16	3/4	2	1	1/16		1/16	1		7	61	387
449/4	0.25	38	38	5/16	5/16	3/4	2	1	1/16		1/16	1		4	64	387
449/4	0.25	38	38	5/16	5/16	3/4	2	1	1/16		1/16	1		8	68	387
449/4	0.25	38	38	5/16	5/16	3/4	1	1	1/16		1/16	1		5	71	381
449/4	0.25	38	38	5/16	5/16	3/4	1	1	1/16		1/16	1		7	73	381
449/4	0.25	38	38	5/16	5/16	3/4	1	1	1/16		1/16	1		4	76	381
449/4	0.25	38	38	5/16	5/16	3/4	1	1	1/16		1/16	1		8	80	381
225/2	0.5	38	38	3/8	3/8	3/4	2	1	1/8		1/8	1		3	57	388
225/2	0.5	38	38	3/8	3/8	3/4	2	1	1/8		1/8	1		7	61	388
225/2	0.5	38	38	3/8	3/8	3/4	2	1	1/8		1/8	1		9	63	388
225/2	0.5	38	38	3/8	3/8	3/4	2	1	1/8		1/8	1		6	66	388
225/2	0.5	38	38	3/8	3/8	3/4	1	1	1/8		1/8	1		3	69	382
225/2	0.5	38	38	3/8	3/8	3/4	1	1	1/8		1/8	1		7	73	382
225/2	0.5	38	38	3/8	3/8	3/4	1	1	1/8		1/8	1		9	75	382
225/2	0.5	38	38	3/8	3/8	3/4	1	1	1/8		1/8	1		6	78	382
113	0.5	38	38	1/2	1/2	3/4	2	1	1/8		1/8	1		3	57	389
113	0.5	38	38	1/2	1/2	3/4	2	1	1/8		1/8	1		7	61	389
113	0.5	38	38	1/2	1/2	3/4	2	1	1/8		1/8	1		9	63	389
113	0.5	38	38	1/2	1/2	3/4	2	1	1/8		1/8	1		6	66	389
113	0.5	38	38	1/2	1/2	3/4	1	1	1/8		1/8	1		3	69	383
113	0.5	38	38	1/2	1/2	3/4	1	1	1/8		1/8	1		7	73	383
113	0.5	38	38	1/2	1/2	3/4	1	1	1/8		1/8	1		9	75	383
113	0.5	38	38	1/2	1/2	3/4	1	1	1/8		1/8	1		6	78	383
227/2	0.5	38	38	5/8	5/8	3/4	2	1	1/8		1/8	1		8	68	390
227/2	0.5	38	38	5/8	5/8	3/4	2	1	1/8		1/8	1		3	69	390
227/2	0.5	38	38	5/8	5/8	3/4	2	1	1/8		1/8	1		7	73	390
227/2	0.5	38	38	5/8	5/8	3/4	2	1	1/8		1/8	1		4	76	390
227/2	0.5	38	38	5/8	5/8	3/4	1	1	1/8		1/8	1		8	80	384
227/2	0.5	38	38	5/8	5/8	3/4	1	1	1/8		1/8	1		3	81	384
227/2	0.5	38	38	5/8	5/8	3/4	1	1	1/8		1/8	1		7	85	384
227/2	0.5	38	38	5/8	5/8	3/4	1	1	1/8		1/8	1		4	88	384
114	0.5	39	39	0	0	3/4	2	1	1/8		1/8	1		4	64	398
114	0.5	39	39	0	0	3/4	2	1	1/8		1/8	1		6	66	398
114	0.5	39	39	0	0	3/4	2	1	1/8		1/8	1		3	69	398
114	0.5	39	39	0	0	3/4	2	1	1/8		1/8	1		7	73	398
114	0.5	39	39	0	0	3/4	1	1	1/8		1/8	1		4	76	392
114	0.5	39	39	0	0	3/4	1	1	1/8		1/8	1		6	78	392
114	0.5	39	39	0	0	3/4	1	1	1/8		1/8	1		3	81	392
114	0.5	39	39	0	0	3/4	1	1	1/8		1/8	1		7	85	392
229/2	0.5	39	39	1/8	1/8	3/4	2	1	1/8		1/8	1		9	63	399
229/2	0.5	39	39	1/8	1/8	3/4	2	1	1/8		1/8	1		6	66	399
229/2	0.5	39	39	1/8	1/8	3/4	2	1	1/8		1/8	1		8	68	399
229/2	0.5	39	39	1/8	1/8	3/4	2	1	1/8		1/8	1		5	71	399
229/2	0.5	39	39	1/8	1/8	3/4	1	1	1/8		1/8	1		9	75	393
229/2	0.5	39	39	1/8	1/8	3/4	1	1	1/8		1/8	1		6	78	393
229/2	0.5	39	39	1/8	1/8	3/4	1	1	1/8		1/8	1		8	80	393
229/2	0.5	39	39	1/8	1/8	3/4	1	1	1/8		1/8	1		5	83	393
115	0.5	39	39	1/4	1/4	3/4	2	1	1/8		1/8	1		7	61	400
115	0.5	39	39	1/4	1/4	3/4	2	1	1/8		1/8	1		4	64	400
115	0.5	39	39	1/4	1/4	3/4	2	1	1/8		1/8	1		6	66	400
115	0.5	39	39	1/4	1/4	3/4	2	1	1/8		1/8	1		3	69	400
115	0.5	39	39	1/4	1/4	3/4	1	1	1/8		1/8	1		7	73	394
115	0.5	39	39	1/4	1/4	3/4	1	1	1/8		1/8	1		4	76	394
115	0.5	39	39	1/4	1/4	3/4	1	1	1/8		1/8	1		6	78	394
115	0.5	39	39	1/4	1/4	3/4	1	1	1/8		1/8	1		3	81	394
231/2	0.5	39	39	3/8	3/8	3/4	2	1	1/8		1/8	1		5	59	401
231/2	0.5	39	39	3/8	3/8	3/4	2	1	1/8		1/8	1		9	63	401
231/2	0.5	39	39	3/8	3/8	3/4	2	1	1/8		1/8	1		4	64	401
231/2	0.5	39	39	3/8	3/8	3/4	2	1	1/8		1/8	1		8	68	401
231/2	0.5	39	39	3/8	3/8	3/4	1	1	1/8		1/8	1		5	71	395
231/2	0.5	39	39	3/8	3/8	3/4	1	1	1/8		1/8	1		9	75	395
231/2	0.5	39	39	3/8	3/8	3/4	1	1	1/8		1/8	1		4	76	395
231/2	0.5	39	39	3/8	3/8	3/4	1	1	1/8		1/8	1		8	80	395
116	0.5	39	39	1/2	1/2	3/4	2	1	1/8		1/8	1		3	57	402
116	0.5	39	39	1/2	1/2	3/4	2	1	1/8		1/8	1		7	61	402
116	0.5	39	39	1/2	1/2	3/4	2	1	1/8		1/8	1		9	63	402
116	0.5	39	39	1/2	1/2	3/4	2	1	1/8		1/8	1		6	66	402
116	0.5	39	39	1/2	1/2	3/4	1	1	1/8		1/8	1		3	69	396
116	0.5	39	39	1/2	1/2	3/4	1	1	1/8		1/8	1		7	73	396
116	0.5	39	39	1/2	1/2	3/4	1	1	1/8		1/8	1		9	75	396
116	0.5	39	39	1/2	1/2	3/4	1	1	1/8		1/8	1		6	78	396
233/2	0.5	39	39	5/8	5/8	3/4	2	1	1/8		1/8	1		8	68	403
233/2	0.5	39	39	5/8	5/8	3/4	2	1	1/8		1/8	1		5	71	403
233/2	0.5	39	39	5/8	5/8	3/4	2	1	1/8		1/8	1		7	73	403
233/2	0.5	39	39	5/8	5/8	3/4	2	1	1/8		1/8	1		4	76	403
233/2	0.5	39	39	5/8	5/8	3/4	1	1	1/8		1/8	1		8	80	397
233/2	0.5	39	39	5/8	5/8	3/4	1	1	1/8		1/8	1		5	83	397
233/2	0.5	39	39	5/8	5/8	3/4	1	1	1/8		1/8	1		7	85	397
233/2	0.5	39	39	5/8	5/8	3/4	1	1	1/8		1/8	1		4	88	397
117	0.5	40	40	0	0	3/4	2	1	1/8		1/8	1		4	64	410
117	0.5	40	40	0	0	3/4	2	1	1/8		1/8	1		6	66	410
117	0.5	40	40	0	0	3/4	2	1	1/8		1/8	1		3	69	410
117	0.5	40	40	0	0	3/4	2	1	1/8		1/8	1		7	73	410
117	0.5	40	40	0	0	3/4	1	1	1/8		1/8	1		4	76	404
117	0.5	40	40	0	0	3/4	1	1	1/8		1/8	1		6	78	404
117	0.5	40	40	0	0	3/4	1	1	1/8		1/8	1		3	81	404
117	0.5	40	40	0	0	3/4	1	1	1/8		1/8	1		7	85	404
235/2	0.5	40	40	1/8	1/8	3/4	2	1	1/8		1/8	1		9	63	411
235/2	0.5	40	40	1/8	1/8	3/4	2	1	1/8		1/8	1		6	66	411
235/2	0.5	40	40	1/8	1/8	3/4	2	1	1/8		1/8	1		8	68	411
235/2	0.5	40	40	1/8	1/8	3/4	2	1	1/8		1/8	1		5	71	411
235/2	0.5	40	40	1/8	1/8	3/4	1	1	1/8		1/8	1		9	75	405
235/2	0.5	40	40	1/8	1/8	3/4	1	1	1/8		1/8	1		6	78	405
235/2	0.5	40	40	1/8	1/8	3/4	1	1	1/8		1/8	1		8	80	405
235/2	0.5	40	40	1/8	1/8	3/4	1	1	1/8		1/8	1		5	83	405
118	0.5	40	40	1/4	1/4	3/4	2	1	1/8		1/8	1		7	61	412
118	0.5	40	40	1/4	1/4	3/4	2	1	1/8		1/8	1		4	64	412
118	0.5	40	40	1/4	1/4	3/4	2	1	1/8		1/8	1		6	66	412
118	0.5	40	40	1/4	1/4	3/4	2	1	1/8		1/8	1		3	69	412
118	0.5	40	40	1/4	1/4	3/4	1	1	1/8		1/8	1		7	73	406
118	0.5	40	40	1/4	1/4	3/4	1	1	1/8		1/8	1		4	76	406
118	0.5	40	40	1/4	1/4	3/4	1	1	1/8		1/8	1		6	78	406
118	0.5	40	40	1/4	1/4	3/4	1	1	1/8		1/8	1		3	81	406
237/2	0.5	40	40	3/8	3/8	3/4	2	1	1/8		1/8	1		5	59	413
237/2	0.5	40	40	3/8	3/8	3/4	2	1	1/8		1/8	1		9	63	413
237/2	0.5	40	40	3/8	3/8	3/4	2	1	1/8		1/8	1		4	64	413
237/2	0.5	40	40	3/8	3/8	3/4	2	1	1/8		1/8	1		8	68	413
237/2	0.5	40	40	3/8	3/8	3/4	1	1	1/8		1/8	1		5	71	407
237/2	0.5	40	40	3/8	3/8	3/4	1	1	1/8		1/8	1		9	75	407
237/2	0.5	40	40	3/8	3/8	3/4	1	1	1/8		1/8	1		4	76	407
237/2	0.5	40	40	3/8	3/8	3/4	1	1	1/8		1/8	1		8	80	407
119	0.5	40	40	1/2	1/2	3/4	2	1	1/8		1/8	1		3	57	414
119	0.5	40	40	1/2	1/2	3/4	2	1	1/8		1/8	1		7	61	414
119	0.5	40	40	1/2	1/2	3/4	2	1	1/8		1/8	1		9	63	414
119	0.5	40	40	1/2	1/2	3/4	2	1	1/8		1/8	1		6	66	414
119	0.5	40	40	1/2	1/2	3/4	1	1	1/8		1/8	1		3	69	408
119	0.5	40	40	1/2	1/2	3/4	1	1	1/8		1/8	1		7	73	408
119	0.5	40	40	1/2	1/2	3/4	1	1	1/8		1/8	1		9	75	408
119	0.5	40	40	1/2	1/2	3/4	1	1	1/8		1/8	1		6	78	408
239/2	0.5	40	40	5/8	5/8	3/4	2	1	1/8		1/8	1		8	56	415
239/2	0.5	40	40	5/8	5/8	3/4	2	1	1/8		1/8	1		5	59	415
239/2	0.5	40	40	5/8	5/8	3/4	2	1	1/8		1/8	1		7	61	415
239/2	0.5	40	40	5/8	5/8	3/4	2	1	1/8		1/8	1		4	64	415
239/2	0.5	40	40	5/8	5/8	3/4	1	1	1/8		1/8	1		8	68	409
239/2	0.5	40	40	5/8	5/8	3/4	1	1	1/8		1/8	1		5	71	409
239/2	0.5	40	40	5/8	5/8	3/4	1	1	1/8		1/8	1		7	73	409
239/2	0.5	40	40	5/8	5/8	3/4	1	1	1/8		1/8	1		4	76	409
120	0.5	41	41	0	0	3/4	2	1	1/8		1/8	1		6	54	420
120	0.5	41	41	0	0	3/4	2	1	1/8		1/8	1		8	56	420
120	0.5	41	41	0	0	3/4	2	1	1/8		1/8	1		5	59	420
120	0.5	41	41	0	0	3/4	2	1	1/8		1/8	1		9	63	420
120	0.5	41	41	0	0	3/4	1	1	1/8		1/8	1		6	66	416
120	0.5	41	41	0	0	3/4	1	1	1/8		1/8	1		8	68	416
120	0.5	41	41	0	0	3/4	1	1	1/8		1/8	1		5	71	416
120	0.5	41	41	0	0	3/4	1	1	1/8		1/8	1		9	75	416
241/2	0.5	41	41	1/8	1/8	3/4	2	1	1/8		1/8	1		4	52	421
241/2	0.5	41	41	1/8	1/8	3/4	2	1	1/8		1/8	1		8	56	421
241/2	0.5	41	41	1/8	1/8	3/4	2	1	1/8		1/8	1		5	59	421
241/2	0.5	41	41	1/8	1/8	3/4	2	1	1/8		1/8	1		7	61	421
241/2	0.5	41	41	1/8	1/8	3/4	1	1	1/8		1/8	1		4	64	417
241/2	0.5	41	41	1/8	1/8	3/4	1	1	1/8		1/8	1		8	68	417
241/2	0.5	41	41	1/8	1/8	3/4	1	1	1/8		1/8	1		5	71	417
241/2	0.5	41	41	1/8	1/8	3/4	1	1	1/8		1/8	1		7	73	417
121	1.0	41	41	1/4	1/4	3/4	2	1	1/4		1/4	1		9	51	422
121	1.0	41	41	1/4	1/4	3/4	2	1	1/4		1/4	1		6	54	422
121	1.0	41	41	1/4	1/4	3/4	2	1	1/4		1/4	1		8	56	422
121	1.0	41	41	1/4	1/4	3/4	2	1	1/4		1/4	1		5	59	422
121	1.0	41	41	1/4	1/4	3/4	1	1	1/4		1/4	1		9	63	418
121	1.0	41	41	1/4	1/4	3/4	1	1	1/4		1/4	1		6	66	418
121	1.0	41	41	1/4	1/4	3/4	1	1	1/4		1/4	1		8	68	418
121	1.0	41	41	1/4	1/4	3/4	1	1	1/4		1/4	1		5	71	418
122	1.0	41	41	1/2	1/2	3/4	2	1	1/4		1/4	1		5	47	423
122	1.0	41	41	1/2	1/2	3/4	2	1	1/4		1/4	1		9	51	423
122	1.0	41	41	1/2	1/2	3/4	2	1	1/4		1/4	1		4	52	423
122	1.0	41	41	1/2	1/2	3/4	2	1	1/4		1/4	1		8	56	423
122	1.0	41	41	1/2	1/2	3/4	1	1	1/4		1/4	1		5	59	419
122	1.0	41	41	1/2	1/2	3/4	1	1	1/4		1/4	1		9	63	419
122	1.0	41	41	1/2	1/2	3/4	1	1	1/4		1/4	1		4	64	419
122	1.0	41	41	1/2	1/2	3/4	1	1	1/4		1/4	1		8	68	419
123	3.0	42	42	0	0	3/4	2	1	3/4		1/2	3/2		2	38	429
123	3.0	42	42	0	0	3/4	2	1	3/4		1/2	3/2		3	45	429
123	3.0	42	42	0	0	3/4	2	1	3/4		1/2	3/2		2	50	429
123	3.0	42	42	0	0	3/4	2	2	3/4		1/2	3/2		6	54	430
123	3.0	42	42	0	0	3/4	2	2	3/4		1/2	3/2		3	57	430
123	3.0	42	42	0	0	3/4	2	2	3/4		1/2	3/2		2	62	430
123	1.0	42	42	0	0	3/4	1	1	1/4		1/4	1		6	66	424
124	1.0	42	42	1/4	1/4	3/4	1	1	1/4		1/4	1		3	69	425
125	0.3333333333333333	42	42	1/2	1/2	3/4	1	1	1/12		1/8	2/3		5	71	426
376/3	0.3333333333333333	42	42	7/12	7/12	3/4	1	1	1/12		1/8	2/3		3	69	427
377/3	0.3333333333333333	42	42	2/3	2/3	3/4	1	1	1/12		1/8	2/3		6	66	428
126	1.0	43	43	0	0	3/4	2	1	1/4		1/4	1		4	40	434
126	1.0	43	43	0	0	3/4	2	1	1/4		1/4	1		5	47	434
126	1.0	43	43	0	0	3/4	2	2	1/4		1/4	1		4	52	436
126	1.0	43	43	0	0	3/4	2	2	1/4		1/4	1		8	56	436
126	1.0	43	43	0	0	3/4	2	2	1/4		1/4	1		5	59	436
126	0.5	43	43	0	0	3/4	1	1	1/8		1/8	1		4	64	431
253/2	0.5	43	43	1/8	1/8	3/4	1	1	1/8		1/8	1		8	68	432
127	2.0	43	43	1/4	1/4	3/4	2	2	1/2		1/2	1		8	32	437
127	2.0	43	43	1/4	1/4	3/4	2	2	1/2		1/2	1		9	39	437
127	2.0	43	43	1/4	1/4	3/4	2	2	1/2		1/2	1		8	44	437
127	2.0	43	43	1/4	1/4	3/4	2	2	1/2		1/2	1		9	51	437
127	2.0	43	43	1/4	1/4	3/4	2	1	1/2		1/2	1		8	56	435
127	2.0	43	43	1/4	1/4	3/4	2	1	1/2		1/2	1		5	59	435
127	2.0	43	43	1/4	1/4	3/4	1	1	1/2		1/2	1		9	63	433
127	2.0	43	43	1/4	1/4	3/4	1	1	1/2		1/2	1		8	68	433
129	3.0	44	44	0	0	3/4	2	1	3/4		1/2	3/2		2	38	443
129	3.0	44	44	0	0	3/4	2	1	3/4		1/2	3/2		3	45	443
129	3.0	44	44	0	0	3/4	2	1	3/4		1/2	3/2		2	50	443
129	3.0	44	44	0	0	3/4	2	2	3/4		1/2	3/2		6	54	444
129	3.0	44	44	0	0	3/4	2	2	3/4		1/2	3/2		3	57	444
129	3.0	44	44	0	0	3/4	2	2	3/4		1/2	3/2		2	62	444
129	1.0	44	44	0	0	3/4	1	1	1/4		1/4	1		6	66	438
130	1.0	44	44	1/4	1/4	3/4	1	1	1/4		1/4	1		3	69	439
131	0.3333333333333333	44	44	1/2	1/2	3/4	1	1	1/12		1/8	2/3		5	71	440
394/3	0.3333333333333333	44	44	7/12	7/12	3/4	1	1	1/12		1/8	2/3		3	69	441
395/3	0.3333333333333333	44	44	2/3	2/3	3/4	1	1	1/12		1/8	2/3		6	66	442
132	1.0	45	45	0	0	3/4	2	1	1/4		1/4	1		4	40	448
132	1.0	45	45	0	0	3/4	2	1	1/4		1/4	1		5	47	448
132	1.0	45	45	0	0	3/4	2	2	1/4		1/4	1		4	52	450
132	1.0	45	45	0	0	3/4	2	2	1/4		1/4	1		8	56	450
132	1.0	45	45	0	0	3/4	2	2	1/4		1/4	1		5	59	450
132	0.5	45	45	0	0	3/4	1	1	1/8		1/8	1		4	64	445
265/2	0.5	45	45	1/8	1/8	3/4	1	1	1/8		1/8	1		8	68	446
133	2.0	45	45	1/4	1/4	3/4	2	2	1/2		1/2	1		8	32	451
133	2.0	45	45	1/4	1/4	3/4	2	2	1/2		1/2	1		9	39	451
133	2.0	45	45	1/4	1/4	3/4	2	2	1/2		1/2	1		8	44	451
133	2.0	45	45	1/4	1/4	3/4	2	2	1/2		1/2	1		9	51	451
133	2.0	45	45	1/4	1/4	3/4	2	1	1/2		1/2	1		8	56	449
133	2.0	45	45	1/4	1/4	3/4	2	1	1/2		1/2	1		5	59	449
133	2.0	45	45	1/4	1/4	3/4	1	1	1/2		1/2	1		9	63	447
133	2.0	45	45	1/4	1/4	3/4	1	1	1/2		1/2	1		8	68	447
135	1.0	46	46	0	0	3/4	2	1	1/4		1/4	1		3	57	461
135	1.0	46	46	0	0	3/4	2	1	1/4		1/4	1		7	61	461
135	1.0	46	46	0	0	3/4	2	1	1/4		1/4	1		4	64	461
135	1.0	46	46	0	0	3/4	1	1	1/4		1/4	1		7	73	452
135	0.5	46	46	0	0	3/4	1	2	1/8		1/8	1		8	80	455
271/2	0.5	46	46	1/8	1/8	3/4	1	2	1/8		1/8	1		7	85	456
136	1.0	46	46	1/4	1/4	3/4	2	1	1/4		1/4	1		9	63	462
136	1.0	46	46	1/4	1/4	3/4	2	1	1/4		1/4	1		6	66	462
136	1.0	46	46	1/4	1/4	3/4	2	1	1/4		1/4	1		8	68	462
136	1.0	46	46	1/4	1/4	3/4	1	1	1/4		1/4	1		7	73	453
136	1.0	46	46	1/4	1/4	3/4	1	1	1/4		1/4	1		6	78	453
136	1.0	46	46	1/4	1/4	3/4	1	2	1/4		1/4	1		7	85	457
137	1.0	46	46	1/2	1/2	3/4	2	1	1/4		1/4	1		4	64	463
137	1.0	46	46	1/2	1/2	3/4	2	1	1/4		1/4	1		8	68	463
137	1.0	46	46	1/2	1/2	3/4	1	1	1/4		1/4	1		5	71	454
137	1.0	46	46	1/2	1/2	3/4	1	1	1/4		1/4	1		4	76	454
137	0.25	46	46	1/2	1/2	3/4	1	2	1/16		1/16	1		5	83	458
549/4	0.25	46	46	9/16	9/16	3/4	1	2	1/16		1/16	1		3	81	459
275/2	0.5	46	46	5/8	5/8	3/4	1	2	1/8		1/8	1		8	80	460
138	0.5	47	47	0	0	3/4	2	1	1/8		1/8	1		6	66	474
138	0.5	47	47	0	0	3/4	2	1	1/8		1/8	1		3	69	474
138	0.5	47	47	0	0	3/4	1	2	1/8		1/8	1		7	73	470
138	0.5	47	47	0	0	3/4	1	1	1/8		1/8	1		8	80	464
277/2	0.5	47	47	1/8	1/8	3/4	2	1	1/8		1/8	1		4	64	475
277/2	0.5	47	47	1/8	1/8	3/4	2	1	1/8		1/8	1		8	68	475
277/2	0.5	47	47	1/8	1/8	3/4	1	2	1/8		1/8	1		3	69	471
277/2	0.5	47	47	1/8	1/8	3/4	1	1	1/8		1/8	1		7	73	465
139	1.0	47	47	1/4	1/4	3/4	2	1	1/4		1/4	1		9	63	476
139	1.0	47	47	1/4	1/4	3/4	2	1	1/4		1/4	1		6	66	476
139	1.0	47	47	1/4	1/4	3/4	1	2	1/4		1/4	1		3	69	472
139	0.5	47	47	1/4	1/4	3/4	1	1	1/8		1/8	1		7	73	466
279/2	0.5	47	47	3/8	3/8	3/4	1	1	1/8		1/8	1		9	75	467
140	1.0	47	47	1/2	1/2	3/4	2	1	1/4		1/4	1		7	61	477
140	1.0	47	47	1/2	1/2	3/4	2	1	1/4		1/4	1		4	64	477
140	1.0	47	47	1/2	1/2	3/4	1	2	1/4		1/4	1		8	68	473
140	1.0	47	47	1/2	1/2	3/4	1	2	1/4		1/4	1		7	73	473
140	0.5	47	47	1/2	1/2	3/4	1	1	1/8		1/8	1		4	76	468
281/2	0.5	47	47	5/8	5/8	3/4	1	1	1/8		1/8	1		8	80	469
141	1.0	48	48	0	0	3/4	2	1	1/4		1/4	1		9	63	488
141	1.0	48	48	0	0	3/4	1	2	1/4		1/4	1		6	66	484
141	1.0	48	48	0	0	3/4	2	1	1/4		1/4	1		6	66	488
141	1.0	48	48	0	0	3/4	1	2	1/4		1/4	1		3	69	484
141	0.5	48	48	0	0	3/4	1	1	1/8		1/8	1		7	73	478
283/2	0.5	48	48	1/8	1/8	3/4	1	1	1/8		1/8	1		9	75	479
142	0.5	48	48	1/4	1/4	3/4	2	1	1/8		1/8	1		3	57	489
142	0.5	48	48	1/4	1/4	3/4	2	1	1/8		1/8	1		7	61	489
142	0.5	48	48	1/4	1/4	3/4	1	2	1/8		1/8	1		4	64	485
142	0.5	48	48	1/4	1/4	3/4	1	2	1/8		1/8	1		3	69	485
142	0.5	48	48	1/4	1/4	3/4	1	2	1/8		1/8	1		7	73	485
142	0.5	48	48	1/4	1/4	3/4	1	1	1/8		1/8	1		4	76	480
285/2	0.5	48	48	3/8	3/8	3/4	2	1	1/8		1/8	1		8	56	490
285/2	0.5	48	48	3/8	3/8	3/4	2	1	1/8		1/8	1		5	59	490
285/2	0.5	48	48	3/8	3/8	3/4	2	1	1/8		1/8	1		9	63	490
285/2	0.5	48	48	3/8	3/8	3/4	1	2	1/8		1/8	1		8	68	486
285/2	0.5	48	48	3/8	3/8	3/4	1	2	1/8		1/8	1		5	71	486
285/2	0.5	48	48	3/8	3/8	3/4	1	2	1/8		1/8	1		9	75	486
285/2	0.5	48	48	3/8	3/8	3/4	1	1	1/8		1/8	1		8	80	481
143	1.0	48	48	1/2	1/2	3/4	2	1	1/4		1/4	1		6	54	491
143	1.0	48	48	1/2	1/2	3/4	2	1	1/4		1/4	1		3	57	491
143	1.0	48	48	1/2	1/2	3/4	2	1	1/4		1/4	1		7	61	491
143	1.0	48	48	1/2	1/2	3/4	2	1	1/4		1/4	1		6	66	491
143	1.0	48	48	1/2	1/2	3/4	1	2	1/4		1/4	1		3	69	487
143	1.0	48	48	1/2	1/2	3/4	1	2	1/4		1/4	1		7	73	487
143	1.0	48	48	1/2	1/2	3/4	1	2	1/4		1/4	1		6	78	487
143	0.5	48	48	1/2	1/2	3/4	1	1	1/8		1/8	1		3	81	482
287/2	0.5	48	48	5/8	5/8	3/4	1	1	1/8		1/8	1		7	85	483
144	1.0	49	49	0	0	3/4	2	1	1/4		1/4	1		5	35	494
144	1.0	49	49	0	0	3/4	2	1	1/4		1/4	1		6	42	494
144	1.0	49	49	0	0	3/4	2	1	1/4		1/4	1		5	47	494
144	1.0	49	49	0	0	3/4	1	1	1/4		1/4	1		9	75	492
144	1.0	49	49	0	0	3/4	1	1	1/4		1/4	1		6	78	492
144	1.0	49	49	0	0	3/4	1	1	1/4		1/4	1		5	83	492
144	1.0	49	49	0	0	3/4	1	1	1/4		1/4	1		9	87	492
145	2.0	49	49	1/4	1/4	3/4	2	1	1/2		1/2	1		5	59	495
145	2.0	49	49	1/4	1/4	3/4	2	1	1/2		1/2	1		9	63	495
145	2.0	49	49	1/4	1/4	3/4	2	1	1/2		1/2	1		6	66	495
145	2.0	49	49	1/4	1/4	3/4	2	1	1/2		1/2	1		5	71	495
145	2.0	49	49	1/4	1/4	3/4	1	1	1/2		1/2	1		9	75	493
145	2.0	49	49	1/4	1/4	3/4	1	1	1/2		1/2	1		6	78	493
145	2.0	49	49	1/4	1/4	3/4	1	1	1/2		1/2	1		5	83	493
145	2.0	49	49	1/4	1/4	3/4	1	1	1/2		1/2	1		9	87	493
147	3.0	50	50	0	0	3/4	2	1	3/4		1/2	3/2		8	44	499
147	3.0	50	50	0	0	3/4	2	1	3/4		1/2	3/2		9	51	499
147	1.0	50	50	0	0	3/4	2	2	1/4		1/4	1		6	54	500
147	1.0	50	50	0	0	3/4	2	2	1/4		1/4	1		10	58	500
147	1.0	50	50	0	0	3/4	1	1	1/4		1/4	1		9	63	496
147	1.0	50	50	0	0	3/4	1	1	1/4		1/4	1		6	66	496
147	1.0	50	50	0	0	3/4	1	1	1/4		1/4	1		10	70	496
147	1.0	50	50	0	0	3/4	1	1	1/4		1/4	1		9	75	496
148	1.5	50	50	1/4	1/4	3/4	2	2	3/8		1/4	3/2		6	54	501
148	1.5	50	50	1/4	1/4	3/4	2	2	3/8		1/4	3/2		10	58	501
148	1.5	50	50	1/4	1/4	3/4	1	1	3/8		1/4	3/2		9	63	497
148	1.5	50	50	1/4	1/4	3/4	1	1	3/8		1/4	3/2		6	66	497
148	1.5	50	50	1/4	1/4	3/4	1	1	3/8		1/4	3/2		10	70	497
148	1.5	50	50	1/4	1/4	3/4	1	1	3/8		1/4	3/2		9	75	497
299/2	0.5	50	50	5/8	5/8	3/4	2	2	1/8		1/8	1		8	56	502
299/2	0.5	50	50	5/8	5/8	3/4	2	2	1/8		1/8	1		12	60	502
299/2	0.5	50	50	5/8	5/8	3/4	1	1	1/8		1/8	1		11	65	498
299/2	0.5	50	50	5/8	5/8	3/4	1	1	1/8		1/8	1		8	68	498
299/2	0.5	50	50	5/8	5/8	3/4	1	1	1/8		1/8	1		12	72	498
299/2	0.5	50	50	5/8	5/8	3/4	1	1	1/8		1/8	1		11	77	498
150	1.0	51	51	0	0	3/4	2	1	1/4		1/4	1		7	49	508
150	1.0	51	51	0	0	3/4	2	1	1/4		1/4	1		8	56	508
150	1.0	51	51	0	0	3/4	1	2	1/4		1/4	1		7	61	507
150	1.0	51	51	0	0	3/4	1	2	1/4		1/4	1		4	64	507
150	1.0	51	51	0	0	3/4	1	2	1/4		1/4	1		8	68	507
150	0.5	51	51	0	0	3/4	1	1	1/8		1/8	1		7	73	503
301/2	0.5	51	51	1/8	1/8	3/4	1	1	1/8		1/8	1		8	68	504
151	1.0	51	51	1/4	1/4	3/4	2	1	1/4		1/4	1		6	42	509
151	1.0	51	51	1/4	1/4	3/4	2	1	1/4		1/4	1		7	49	509
151	1.0	51	51	1/4	1/4	3/4	1	1	1/4		1/4	1		10	58	505
151	1.0	51	51	1/4	1/4	3/4	1	1	1/4		1/4	1		4	64	505
151	1.0	51	51	1/4	1/4	3/4	1	1	1/4		1/4	1		8	68	505
152	1.0	51	51	1/2	1/2	3/4	2	1	1/4		1/4	1		5	47	510
152	1.0	51	51	1/2	1/2	3/4	2	1	1/4		1/4	1		6	54	510
152	1.0	51	51	1/2	1/2	3/4	1	1	1/4		1/4	1		5	59	506
152	1.0	51	51	1/2	1/2	3/4	1	1	1/4		1/4	1		9	63	506
152	1.0	51	51	1/2	1/2	3/4	1	1	1/4		1/4	1		6	66	506
153	3.0	52	52	0	0	3/4	2	1	3/4		1/2	3/2		8	44	514
153	3.0	52	52	0	0	3/4	2	1	3/4		1/2	3/2		9	51	514
153	1.0	52	52	0	0	3/4	2	2	1/4		1/4	1		6	54	515
153	1.0	52	52	0	0	3/4	2	2	1/4		1/4	1		10	58	515
153	1.0	52	52	0	0	3/4	1	1	1/4		1/4	1		9	63	511
153	1.0	52	52	0	0	3/4	1	1	1/4		1/4	1		6	66	511
153	1.0	52	52	0	0	3/4	1	1	1/4		1/4	1		10	70	511
153	1.0	52	52	0	0	3/4	1	1	1/4		1/4	1		9	75	511
154	1.5	52	52	1/4	1/4	3/4	2	2	3/8		1/4	3/2		6	54	516
154	1.5	52	52	1/4	1/4	3/4	2	2	3/8		1/4	3/2		10	58	516
154	1.5	52	52	1/4	1/4	3/4	1	1	3/8		1/4	3/2		9	63	512
154	1.5	52	52	1/4	1/4	3/4	1	1	3/8		1/4	3/2		6	66	512
154	1.5	52	52	1/4	1/4	3/4	1	1	3/8		1/4	3/2		10	70	512
154	1.5	52	52	1/4	1/4	3/4	1	1	3/8		1/4	3/2		9	75	512
311/2	0.5	52	52	5/8	5/8	3/4	2	2	1/8		1/8	1		8	56	517
311/2	0.5	52	52	5/8	5/8	3/4	2	2	1/8		1/8	1		12	60	517
311/2	0.5	52	52	5/8	5/8	3/4	1	1	1/8		1/8	1		11	65	513
311/2	0.5	52	52	5/8	5/8	3/4	1	1	1/8		1/8	1		8	68	513
311/2	0.5	52	52	5/8	5/8	3/4	1	1	1/8		1/8	1		12	72	513
311/2	0.5	52	52	5/8	5/8	3/4	1	1	1/8		1/8	1		11	77	513
156	1.0	53	53	0	0	3/4	2	1	1/4		1/4	1		7	49	523
156	1.0	53	53	0	0	3/4	2	1	1/4		1/4	1		8	56	523
156	1.0	53	53	0	0	3/4	1	2	1/4		1/4	1		7	61	522
156	1.0	53	53	0	0	3/4	1	2	1/4		1/4	1		4	64	522
156	1.0	53	53	0	0	3/4	1	2	1/4		1/4	1		8	68	522
156	0.5	53	53	0	0	3/4	1	1	1/8		1/8	1		7	73	518
313/2	0.5	53	53	1/8	1/8	3/4	1	1	1/8		1/8	1		8	68	519
157	1.5	53	53	1/4	1/4	3/4	2	1	3/8		1/4	3/2		4	40	524
157	1.5	53	53	1/4	1/4	3/4	2	1	3/8		1/4	3/2		5	47	524
157	1.5	53	53	1/4	1/4	3/4	2	1	3/8		1/4	3/2		4	52	524
157	1.5	53	53	1/4	1/4	3/4	2	2	3/8		1/4	3/2		8	56	526
157	1.5	53	53	1/4	1/4	3/4	2	2	3/8		1/4	3/2		5	59	526
157	1.5	53	53	1/4	1/4	3/4	2	2	3/8		1/4	3/2		4	64	526
157	1.5	53	53	1/4	1/4	3/4	1	1	3/8		1/4	3/2		8	68	520
157	1.5	53	53	1/4	1/4	3/4	1	1	3/8		1/4	3/2		5	71	520
157	1.5	53	53	1/4	1/4	3/4	1	1	3/8		1/4	3/2		4	76	520
157	1.5	53	53	1/4	1/4	3/4	1	1	3/8		1/4	3/2		8	80	520
317/2	0.5	53	53	5/8	5/8	3/4	2	1	1/8		1/8	1		5	47	525
317/2	0.5	53	53	5/8	5/8	3/4	2	1	1/8		1/8	1		6	54	525
317/2	0.5	53	53	5/8	5/8	3/4	2	1	1/8		1/8	1		5	59	525
317/2	0.5	53	53	5/8	5/8	3/4	2	1	1/8		1/8	1		2	62	525
317/2	0.5	53	53	5/8	5/8	3/4	1	1	1/8		1/8	1		6	66	521
317/2	0.5	53	53	5/8	5/8	3/4	1	1	1/8		1/8	1		5	71	521
317/2	0.5	53	53	5/8	5/8	3/4	1	1	1/8		1/8	1		2	74	521
317/2	0.5	53	53	5/8	5/8	3/4	1	1	1/8		1/8	1		6	78	521
159	0.5	54	54	0	0	3/4	2	1	1/8		1/8	1		4	52	534
159	0.5	54	54	0	0	3/4	2	1	1/8		1/8	1		8	56	534
159	0.5	54	54	0	0	3/4	2	1	1/8		1/8	1		5	59	534
159	0.5	54	54	0	0	3/4	2	1	1/8		1/8	1		4	64	534
159	0.5	54	54	0	0	3/4	1	1	1/8		1/8	1		8	68	527
159	0.5	54	54	0	0	3/4	1	1	1/8		1/8	1		5	71	527
159	0.5	54	54	0	0	3/4	1	1	1/8		1/8	1		4	76	527
159	0.5	54	54	0	0	3/4	1	1	1/8		1/8	1		8	80	527
319/2	0.25	54	54	1/8	1/8	3/4	2	1	1/16		1/16	1		5	47	535
319/2	0.25	54	54	1/8	1/8	3/4	2	1	1/16		1/16	1		6	54	535
319/2	0.25	54	54	1/8	1/8	3/4	2	1	1/16		1/16	1		5	59	535
319/2	0.25	54	54	1/8	1/8	3/4	2	1	1/16		1/16	1		2	62	535
319/2	0.25	54	54	1/8	1/8	3/4	1	1	1/16		1/16	1		6	66	528
319/2	0.25	54	54	1/8	1/8	3/4	1	1	1/16		1/16	1		5	71	528
319/2	0.25	54	54	1/8	1/8	3/4	1	1	1/16		1/16	1		2	74	528
319/2	0.25	54	54	1/8	1/8	3/4	1	1	1/16		1/16	1		6	78	528
639/4	0.25	54	54	3/16	3/16	3/4	2	1	1/16		1/16	1		4	52	536
639/4	0.25	54	54	3/16	3/16	3/4	2	1	1/16		1/16	1		8	56	536
639/4	0.25	54	54	3/16	3/16	3/4	2	1	1/16		1/16	1		5	59	536
639/4	0.25	54	54	3/16	3/16	3/4	2	1	1/16		1/16	1		4	64	536
639/4	0.25	54	54	3/16	3/16	3/4	1	1	1/16		1/16	1		8	68	529
639/4	0.25	54	54	3/16	3/16	3/4	1	1	1/16		1/16	1		5	71	529
639/4	0.25	54	54	3/16	3/16	3/4	1	1	1/16		1/16	1		4	76	529
639/4	0.25	54	54	3/16	3/16	3/4	1	1	1/16		1/16	1		8	80	529
160	0.5	54	54	1/4	1/4	3/4	2	1	1/8		1/8	1		4	52	537
160	0.5	54	54	1/4	1/4	3/4	2	1	1/8		1/8	1		8	56	537
160	0.5	54	54	1/4	1/4	3/4	2	1	1/8		1/8	1		5	59	537
160	0.5	54	54	1/4	1/4	3/4	2	1	1/8		1/8	1		4	64	537
160	0.5	54	54	1/4	1/4	3/4	1	1	1/8		1/8	1		8	68	530
160	0.5	54	54	1/4	1/4	3/4	1	1	1/8		1/8	1		5	71	530
160	0.5	54	54	1/4	1/4	3/4	1	1	1/8		1/8	1		4	76	530
160	0.5	54	54	1/4	1/4	3/4	1	1	1/8		1/8	1		8	80	530
321/2	0.5	54	54	3/8	3/8	3/4	2	1	1/8		1/8	1		5	47	538
321/2	0.5	54	54	3/8	3/8	3/4	2	1	1/8		1/8	1		6	54	538
321/2	0.5	54	54	3/8	3/8	3/4	2	1	1/8		1/8	1		5	59	538
321/2	0.5	54	54	3/8	3/8	3/4	2	1	1/8		1/8	1		2	62	538
321/2	0.5	54	54	3/8	3/8	3/4	1	1	1/8		1/8	1		6	66	531
321/2	0.5	54	54	3/8	3/8	3/4	1	1	1/8		1/8	1		5	71	531
321/2	0.5	54	54	3/8	3/8	3/4	1	1	1/8		1/8	1		2	74	531
321/2	0.5	54	54	3/8	3/8	3/4	1	1	1/8		1/8	1		6	78	531
161	0.5	54	54	1/2	1/2	3/4	2	1	1/8		1/8	1		4	52	539
161	0.5	54	54	1/2	1/2	3/4	2	1	1/8		1/8	1		8	56	539
161	0.5	54	54	1/2	1/2	3/4	2	1	1/8		1/8	1		5	59	539
161	0.5	54	54	1/2	1/2	3/4	2	1	1/8		1/8	1		4	64	539
161	0.5	54	54	1/2	1/2	3/4	1	1	1/8		1/8	1		8	68	532
161	0.5	54	54	1/2	1/2	3/4	1	1	1/8		1/8	1		5	71	532
161	0.5	54	54	1/2	1/2	3/4	1	1	1/8		1/8	1		4	76	532
161	0.5	54	54	1/2	1/2	3/4	1	1	1/8		1/8	1		8	80	532
323/2	0.5	54	54	5/8	5/8	3/4	2	1	1/8		1/8	1		9	51	540
323/2	0.5	54	54	5/8	5/8	3/4	2	1	1/8		1/8	1		10	58	540
323/2	0.5	54	54	5/8	5/8	3/4	2	1	1/8		1/8	1		9	63	540
323/2	0.5	54	54	5/8	5/8	3/4	2	1	1/8		1/8	1		13	67	540
323/2	0.5	54	54	5/8	5/8	3/4	1	1	1/8		1/8	1		10	70	533
323/2	0.5	54	54	5/8	5/8	3/4	1	1	1/8		1/8	1		9	75	533
323/2	0.5	54	54	5/8	5/8	3/4	1	1	1/8		1/8	1		13	79	533
323/2	0.5	54	54	5/8	5/8	3/4	1	1	1/8		1/8	1		10	82	533
162	3.0	55	55	0	0	3/4	2	1	3/4		1/2	3/2		9	51	544
162	3.0	55	55	0	0	3/4	2	1	3/4		1/2	3/2		10	58	544
162	3.0	55	55	0	0	3/4	2	1	3/4		1/2	3/2		9	63	544
162	3.0	55	55	0	0	3/4	2	1	3/4		1/2	3/2		13	67	544
162	3.0	55	55	0	0	3/4	1	1	3/4		1/2	3/2		10	70	541
162	3.0	55	55	0	0	3/4	1	1	3/4		1/2	3/2		9	75	541
162	3.0	55	55	0	0	3/4	1	1	3/4		1/2	3/2		13	79	541
162	3.0	55	55	0	0	3/4	1	1	3/4		1/2	3/2		10	82	541
163	1.0	55	55	1/4	1/4	3/4	2	2	1/4		1/4	1		9	27	545
163	1.0	55	55	1/4	1/4	3/4	2	2	1/4		1/4	1		9	39	545
163	1.0	55	55	1/4	1/4	3/4	1	2	1/4		1/4	1		9	51	542
164	1.0	55	55	1/2	1/2	3/4	2	2	1/4		1/4	1		9	39	546
164	1.0	55	55	1/2	1/2	3/4	2	2	1/4		1/4	1		9	51	546
164	1.0	55	55	1/2	1/2	3/4	1	2	1/4		1/4	1		9	63	543
165	1.0	56	56	0	0	3/4	2	1	1/4		1/4	1		8	56	556
165	1.0	56	56	0	0	3/4	2	1	1/4		1/4	1		5	59	556
165	1.0	56	56	0	0	3/4	2	1	1/4		1/4	1		9	63	556
165	1.0	56	56	0	0	3/4	2	1	1/4		1/4	1		8	68	556
165	1.0	56	56	0	0	3/4	1	2	1/4		1/4	1		5	71	553
165	1.0	56	56	0	0	3/4	1	2	1/4		1/4	1		9	75	553
165	1.0	56	56	0	0	3/4	1	2	1/4		1/4	1		8	80	553
165	0.25	56	56	0	0	3/4	1	1	1/16		1/16	1		5	83	547
661/4	0.25	56	56	1/16	1/16	3/4	1	1	1/16		1/16	1		3	81	548
331/2	0.5	56	56	1/8	1/8	3/4	1	1	1/8		1/8	1		8	80	549
166	1.0	56	56	1/4	1/4	3/4	2	1	1/4		1/4	1		6	54	557
166	1.0	56	56	1/4	1/4	3/4	2	1	1/4		1/4	1		10	58	557
166	1.0	56	56	1/4	1/4	3/4	2	1	1/4		1/4	1		7	61	557
166	1.0	56	56	1/4	1/4	3/4	2	1	1/4		1/4	1		6	66	557
166	1.0	56	56	1/4	1/4	3/4	1	2	1/4		1/4	1		10	70	554
166	1.0	56	56	1/4	1/4	3/4	1	2	1/4		1/4	1		7	73	554
166	1.0	56	56	1/4	1/4	3/4	1	2	1/4		1/4	1		6	78	554
166	1.0	56	56	1/4	1/4	3/4	1	1	1/4		1/4	1	1	8	80	550
167	1.0	56	56	1/2	1/2	3/4	2	1	1/4		1/4	1		4	52	558
167	1.0	56	56	1/2	1/2	3/4	2	1	1/4		1/4	1		8	56	558
167	1.0	56	56	1/2	1/2	3/4	2	1	1/4		1/4	1		5	59	558
167	1.0	56	56	1/2	1/2	3/4	2	1	1/4		1/4	1		4	64	558
167	1.0	56	56	1/2	1/2	3/4	1	2	1/4		1/4	1		8	68	555
167	1.0	56	56	1/2	1/2	3/4	1	2	1/4		1/4	1		5	71	555
167	1.0	56	56	1/2	1/2	3/4	1	2	1/4		1/4	1		4	76	555
167	0.5	56	56	1/2	1/2	3/4	1	1	1/8		1/8	1	-1	8	80	551
335/2	0.5	56	56	5/8	5/8	3/4	1	1	1/8		1/8	1		7	85	552
168	1.0	57	57	0	0	3/4	2	1	1/4		1/4	1		8	56	568
168	1.0	57	57	0	0	3/4	2	1	1/4		1/4	1		5	59	568
168	1.0	57	57	0	0	3/4	2	1	1/4		1/4	1		9	63	568
168	1.0	57	57	0	0	3/4	2	1	1/4		1/4	1		8	68	568
168	1.0	57	57	0	0	3/4	1	2	1/4		1/4	1		5	71	565
168	1.0	57	57	0	0	3/4	1	2	1/4		1/4	1		9	75	565
168	1.0	57	57	0	0	3/4	1	2	1/4		1/4	1		8	80	565
168	0.25	57	57	0	0	3/4	1	1	1/16		1/16	1		5	83	559
673/4	0.25	57	57	1/16	1/16	3/4	1	1	1/16		1/16	1		3	81	560
337/2	0.5	57	57	1/8	1/8	3/4	1	1	1/8		1/8	1		8	80	561
169	1.0	57	57	1/4	1/4	3/4	2	1	1/4		1/4	1		6	54	569
169	1.0	57	57	1/4	1/4	3/4	2	1	1/4		1/4	1		10	58	569
169	1.0	57	57	1/4	1/4	3/4	2	1	1/4		1/4	1		7	61	569
169	1.0	57	57	1/4	1/4	3/4	2	1	1/4		1/4	1		6	66	569
169	1.0	57	57	1/4	1/4	3/4	1	2	1/4		1/4	1		10	70	566
169	1.0	57	57	1/4	1/4	3/4	1	2	1/4		1/4	1		7	73	566
169	1.0	57	57	1/4	1/4	3/4	1	2	1/4		1/4	1		6	78	566
169	1.0	57	57	1/4	1/4	3/4	1	1	1/4		1/4	1	1	8	80	562
170	1.0	57	57	1/2	1/2	3/4	2	1	1/4		1/4	1		4	52	570
170	1.0	57	57	1/2	1/2	3/4	2	1	1/4		1/4	1		8	56	570
170	1.0	57	57	1/2	1/2	3/4	2	1	1/4		1/4	1		5	59	570
170	1.0	57	57	1/2	1/2	3/4	2	1	1/4		1/4	1		4	64	570
170	1.0	57	57	1/2	1/2	3/4	1	2	1/4		1/4	1		8	68	567
170	1.0	57	57	1/2	1/2	3/4	1	2	1/4		1/4	1		5	71	567
170	1.0	57	57	1/2	1/2	3/4	1	2	1/4		1/4	1		4	76	567
170	0.5	57	57	1/2	1/2	3/4	1	1	1/8		1/8	1	-1	8	80	563
341/2	0.5	57	57	5/8	5/8	3/4	1	1	1/8		1/8	1		7	85	564
171	0.5	58	58	0	0	3/4	2	1	1/8		1/8	1		8	56	577
171	0.5	58	58	0	0	3/4	2	1	1/8		1/8	1		5	59	577
171	0.5	58	58	0	0	3/4	2	1	1/8		1/8	1		9	63	577
171	0.5	58	58	0	0	3/4	2	1	1/8		1/8	1		8	68	577
171	0.5	58	58	0	0	3/4	1	1	1/8		1/8	1		5	71	571
171	0.5	58	58	0	0	3/4	1	1	1/8		1/8	1		9	75	571
171	0.5	58	58	0	0	3/4	1	1	1/8		1/8	1		8	80	571
171	0.5	58	58	0	0	3/4	1	1	1/8		1/8	1		5	83	571
343/2	0.5	58	58	1/8	1/8	3/4	2	1	1/8		1/8	1		10	58	578
343/2	0.5	58	58	1/8	1/8	3/4	2	1	1/8		1/8	1		7	61	578
343/2	0.5	58	58	1/8	1/8	3/4	2	1	1/8		1/8	1		6	66	578
343/2	0.5	58	58	1/8	1/8	3/4	1	1	1/8		1/8	1		10	70	572
343/2	0.5	58	58	1/8	1/8	3/4	1	1	1/8		1/8	1		7	73	572
343/2	0.5	58	58	1/8	1/8	3/4	1	1	1/8		1/8	1		6	78	572
343/2	0.5	58	58	1/8	1/8	3/4	1	1	1/8		1/8	1		10	82	572
172	0.5	58	58	1/4	1/4	3/4	2	1	1/8		1/8	1		7	61	579
172	0.5	58	58	1/4	1/4	3/4	2	1	1/8		1/8	1		11	65	579
172	0.5	58	58	1/4	1/4	3/4	1	1	1/8		1/8	1		8	68	573
172	0.5	58	58	1/4	1/4	3/4	1	1	1/8		1/8	1		7	73	573
172	0.5	58	58	1/4	1/4	3/4	1	1	1/8		1/8	1		11	77	573
172	0.5	58	58	1/4	1/4	3/4	1	1	1/8		1/8	1		8	80	573
345/2	0.5	58	58	3/8	3/8	3/4	2	1	1/8		1/8	1		10	58	580
345/2	0.5	58	58	3/8	3/8	3/4	2	1	1/8		1/8	1		7	61	580
345/2	0.5	58	58	3/8	3/8	3/4	2	1	1/8		1/8	1		6	66	580
345/2	0.5	58	58	3/8	3/8	3/4	1	1	1/8		1/8	1		10	70	574
345/2	0.5	58	58	3/8	3/8	3/4	1	1	1/8		1/8	1		7	73	574
345/2	0.5	58	58	3/8	3/8	3/4	1	1	1/8		1/8	1		6	78	574
345/2	0.5	58	58	3/8	3/8	3/4	1	1	1/8		1/8	1		10	82	574
173	0.5	58	58	1/2	1/2	3/4	2	1	1/8		1/8	1		8	56	581
173	0.5	58	58	1/2	1/2	3/4	2	1	1/8		1/8	1		5	59	581
173	0.5	58	58	1/2	1/2	3/4	2	1	1/8		1/8	1		9	63	581
173	0.5	58	58	1/2	1/2	3/4	2	1	1/8		1/8	1		8	68	581
173	0.5	58	58	1/2	1/2	3/4	1	1	1/8		1/8	1		5	71	575
173	0.5	58	58	1/2	1/2	3/4	1	1	1/8		1/8	1		9	75	575
173	0.5	58	58	1/2	1/2	3/4	1	1	1/8		1/8	1		8	80	575
173	0.5	58	58	1/2	1/2	3/4	1	1	1/8		1/8	1		5	83	575
347/2	0.5	58	58	5/8	5/8	3/4	2	1	1/8		1/8	1		7	61	582
347/2	0.5	58	58	5/8	5/8	3/4	2	1	1/8		1/8	1		4	64	582
347/2	0.5	58	58	5/8	5/8	3/4	2	1	1/8		1/8	1		8	68	582
347/2	0.5	58	58	5/8	5/8	3/4	1	1	1/8		1/8	1		7	73	576
347/2	0.5	58	58	5/8	5/8	3/4	1	1	1/8		1/8	1		4	76	576
347/2	0.5	58	58	5/8	5/8	3/4	1	1	1/8		1/8	1		8	80	576
347/2	0.5	58	58	5/8	5/8	3/4	1	1	1/8		1/8	1		7	85	576
174	1.0	59	59	0	0	3/4	2	1	1/4		1/4	1		9	51	585
174	1.0	59	59	0	0	3/4	2	1	1/4		1/4	1		10	58	585
174	1.0	59	59	0	0	3/4	2	2	1/4		1/4	1		9	63	587
174	1.0	59	59	0	0	3/4	2	2	1/4		1/4	1		13	67	587
174	1.0	59	59	0	0	3/4	2	2	1/4		1/4	1		10	70	587
174	1.0	59	59	0	0	3/4	1	1	1/4		1/4	1		9	75	583
174	1.0	59	59	0	0	3/4	1	1	1/4		1/4	1		13	79	583
174	1.0	59	59	0	0	3/4	1	1	1/4		1/4	1		10	82	583
174	1.0	59	59	0	0	3/4	1	1	1/4		1/4	1		9	87	583
175	2.0	59	59	1/4	1/4	3/4	2	2	1/2		1/2	1		10	58	588
175	2.0	59	59	1/4	1/4	3/4	2	2	1/2		1/2	1		9	63	588
175	2.0	59	59	1/4	1/4	3/4	2	2	1/2		1/2	1		13	67	588
175	2.0	59	59	1/4	1/4	3/4	2	2	1/2		1/2	1		10	70	588
175	2.0	59	59	1/4	1/4	3/4	1	1	1/2		1/2	1		9	75	584
175	2.0	59	59	1/4	1/4	3/4	1	1	1/2		1/2	1		13	79	584
175	2.0	59	59	1/4	1/4	3/4	1	1	1/2		1/2	1		10	82	584
175	2.0	59	59	1/4	1/4	3/4	1	1	1/2		1/2	1		9	87	584
176	1.0	59	59	1/2	1/2	3/4	2	1	1/4		1/4	1		9	51	586
177	1.0	60	60	0	0	3/4	2	1	1/4		1/4	1		7	49	598
177	1.0	60	60	0	0	3/4	2	1	1/4		1/4	1		8	56	598
177	1.0	60	60	0	0	3/4	2	1	1/4		1/4	1		7	61	598
177	1.0	60	60	0	0	3/4	1	2	1/4		1/4	1		4	64	595
177	1.0	60	60	0	0	3/4	1	2	1/4		1/4	1		8	68	595
177	1.0	60	60	0	0	3/4	1	2	1/4		1/4	1		7	73	595
177	0.25	60	60	0	0	3/4	1	1	1/16		1/16	1		4	76	589
709/4	0.25	60	60	1/16	1/16	3/4	1	1	1/16		1/16	1		9	75	590
355/2	0.5	60	60	1/8	1/8	3/4	1	1	1/8		1/8	1		7	73	591
178	1.0	60	60	1/4	1/4	3/4	2	1	1/4		1/4	1		5	47	599
178	1.0	60	60	1/4	1/4	3/4	2	1	1/4		1/4	1		6	54	599
178	1.0	60	60	1/4	1/4	3/4	2	1	1/4		1/4	1		5	59	599
178	1.0	60	60	1/4	1/4	3/4	1	2	1/4		1/4	1		9	63	596
178	1.0	60	60	1/4	1/4	3/4	1	2	1/4		1/4	1		6	66	596
178	1.0	60	60	1/4	1/4	3/4	1	2	1/4		1/4	1		5	71	596
178	1.0	60	60	1/4	1/4	3/4	1	1	1/4		1/4	1	1	7	73	592
179	1.0	60	60	1/2	1/2	3/4	2	1	1/4		1/4	1		3	45	600
179	1.0	60	60	1/2	1/2	3/4	2	1	1/4		1/4	1		4	52	600
179	1.0	60	60	1/2	1/2	3/4	2	1	1/4		1/4	1		3	57	600
179	1.0	60	60	1/2	1/2	3/4	1	2	1/4		1/4	1		7	61	597
179	1.0	60	60	1/2	1/2	3/4	1	2	1/4		1/4	1		4	64	597
179	1.0	60	60	1/2	1/2	3/4	1	2	1/4		1/4	1		3	69	597
179	0.5	60	60	1/2	1/2	3/4	1	1	1/8		1/8	1	-1	7	73	593
359/2	0.5	60	60	5/8	5/8	3/4	1	1	1/8		1/8	1		6	78	594
180	1.0	61	61	0	0	3/4	2	1	1/4		1/4	1		7	49	610
180	1.0	61	61	0	0	3/4	2	1	1/4		1/4	1		8	56	610
180	1.0	61	61	0	0	3/4	2	1	1/4		1/4	1		7	61	610
180	1.0	61	61	0	0	3/4	1	2	1/4		1/4	1		4	64	607
180	1.0	61	61	0	0	3/4	1	2	1/4		1/4	1		8	68	607
180	1.0	61	61	0	0	3/4	1	2	1/4		1/4	1		7	73	607
180	0.25	61	61	0	0	3/4	1	1	1/16		1/16	1		4	76	601
721/4	0.25	61	61	1/16	1/16	3/4	1	1	1/16		1/16	1		9	75	602
361/2	0.5	61	61	1/8	1/8	3/4	1	1	1/8		1/8	1		7	73	603
181	1.0	61	61	1/4	1/4	3/4	2	1	1/4		1/4	1		5	47	611
181	1.0	61	61	1/4	1/4	3/4	2	1	1/4		1/4	1		6	54	611
181	1.0	61	61	1/4	1/4	3/4	2	1	1/4		1/4	1		5	59	611
181	1.0	61	61	1/4	1/4	3/4	1	2	1/4		1/4	1		9	63	608
181	1.0	61	61	1/4	1/4	3/4	1	2	1/4		1/4	1		6	66	608
181	1.0	61	61	1/4	1/4	3/4	1	2	1/4		1/4	1		5	71	608
181	1.0	61	61	1/4	1/4	3/4	1	1	1/4		1/4	1	1	7	73	604
182	1.0	61	61	1/2	1/2	3/4	2	1	1/4		1/4	1		3	45	612
182	1.0	61	61	1/2	1/2	3/4	2	1	1/4		1/4	1		4	52	612
182	1.0	61	61	1/2	1/2	3/4	2	1	1/4		1/4	1		3	57	612
182	1.0	61	61	1/2	1/2	3/4	1	2	1/4		1/4	1		7	61	609
182	1.0	61	61	1/2	1/2	3/4	1	2	1/4		1/4	1		4	64	609
182	1.0	61	61	1/2	1/2	3/4	1	2	1/4		1/4	1		3	69	609
182	0.5	61	61	1/2	1/2	3/4	1	1	1/8		1/8	1	-1	7	73	605
365/2	0.5	61	61	5/8	5/8	3/4	1	1	1/8		1/8	1		6	78	606
183	0.5	62	62	0	0	3/4	2	1	1/8		1/8	1		7	49	619
183	0.5	62	62	0	0	3/4	2	1	1/8		1/8	1		8	56	619
183	0.5	62	62	0	0	3/4	2	1	1/8		1/8	1		7	61	619
183	0.5	62	62	0	0	3/4	1	1	1/8		1/8	1		4	64	613
183	0.5	62	62	0	0	3/4	1	1	1/8		1/8	1		8	68	613
183	0.5	62	62	0	0	3/4	1	1	1/8		1/8	1		7	73	613
183	0.5	62	62	0	0	3/4	1	1	1/8		1/8	1		4	76	613
367/2	0.5	62	62	1/8	1/8	3/4	2	1	1/8		1/8	1		9	51	620
367/2	0.5	62	62	1/8	1/8	3/4	2	1	1/8		1/8	1		10	58	620
367/2	0.5	62	62	1/8	1/8	3/4	1	1	1/8		1/8	1		9	63	614
367/2	0.5	62	62	1/8	1/8	3/4	1	1	1/8		1/8	1		13	67	614
367/2	0.5	62	62	1/8	1/8	3/4	1	1	1/8		1/8	1		10	70	614
367/2	0.5	62	62	1/8	1/8	3/4	1	1	1/8		1/8	1		9	75	614
184	0.5	62	62	1/4	1/4	3/4	2	1	1/8		1/8	1		6	54	621
184	0.5	62	62	1/4	1/4	3/4	2	1	1/8		1/8	1		3	57	621
184	0.5	62	62	1/4	1/4	3/4	1	1	1/8		1/8	1		7	61	615
184	0.5	62	62	1/4	1/4	3/4	1	1	1/8		1/8	1		6	66	615
184	0.5	62	62	1/4	1/4	3/4	1	1	1/8		1/8	1		3	69	615
184	0.5	62	62	1/4	1/4	3/4	1	1	1/8		1/8	1		7	73	615
369/2	0.5	62	62	3/8	3/8	3/4	2	1	1/8		1/8	1		9	51	622
369/2	0.5	62	62	3/8	3/8	3/4	2	1	1/8		1/8	1		10	58	622
369/2	0.5	62	62	3/8	3/8	3/4	1	1	1/8		1/8	1		9	63	616
369/2	0.5	62	62	3/8	3/8	3/4	1	1	1/8		1/8	1		13	67	616
369/2	0.5	62	62	3/8	3/8	3/4	1	1	1/8		1/8	1		10	70	616
369/2	0.5	62	62	3/8	3/8	3/4	1	1	1/8		1/8	1		9	75	616
185	0.5	62	62	1/2	1/2	3/4	2	1	1/8		1/8	1		7	49	623
185	0.5	62	62	1/2	1/2	3/4	2	1	1/8		1/8	1		8	56	623
185	0.5	62	62	1/2	1/2	3/4	2	1	1/8		1/8	1		7	61	623
185	0.5	62	62	1/2	1/2	3/4	1	1	1/8		1/8	1		4	64	617
185	0.5	62	62	1/2	1/2	3/4	1	1	1/8		1/8	1		8	68	617
185	0.5	62	62	1/2	1/2	3/4	1	1	1/8		1/8	1		7	73	617
185	0.5	62	62	1/2	1/2	3/4	1	1	1/8		1/8	1		4	76	617
371/2	0.5	62	62	5/8	5/8	3/4	2	1	1/8		1/8	1		5	47	624
371/2	0.5	62	62	5/8	5/8	3/4	2	1	1/8		1/8	1		6	54	624
371/2	0.5	62	62	5/8	5/8	3/4	2	1	1/8		1/8	1		9	63	624
371/2	0.5	62	62	5/8	5/8	3/4	1	1	1/8		1/8	1		6	66	618
371/2	0.5	62	62	5/8	5/8	3/4	1	1	1/8		1/8	1		5	71	618
371/2	0.5	62	62	5/8	5/8	3/4	1	1	1/8		1/8	1		9	75	618
371/2	0.5	62	62	5/8	5/8	3/4	1	1	1/8		1/8	1		6	78	618
186	0.5	63	63	0	0	3/4	2	1	1/8		1/8	1		8	56	634
186	0.5	63	63	0	0	3/4	2	2	1/8		1/8	1		9	63	641
186	0.5	63	63	0	0	3/4	1	1	1/8		1/8	1		8	68	625
186	0.5	63	63	0	0	3/4	1	2	1/8		1/8	1		9	75	632
186	0.5	63	63	0	0	3/4	1	1	1/8		1/8	1		8	80	625
373/2	0.25	63	63	1/8	1/8	3/4	2	1	1/16		1/16	1		6	54	635
373/2	0.5	63	63	1/8	1/8	3/4	2	2	1/8		1/8	1		7	61	642
373/2	0.25	63	63	1/8	1/8	3/4	1	1	1/16		1/16	1		6	66	626
373/2	0.5	63	63	1/8	1/8	3/4	1	2	1/8		1/8	1		7	73	633
373/2	0.25	63	63	1/8	1/8	3/4	1	1	1/16		1/16	1		6	78	626
747/4	0.25	63	63	3/16	3/16	3/4	2	1	1/16		1/16	1		8	56	636
747/4	0.25	63	63	3/16	3/16	3/4	1	1	1/16		1/16	1		8	68	627
747/4	0.25	63	63	3/16	3/16	3/4	1	1	1/16		1/16	1		8	80	627
187	0.5	63	63	1/4	1/4	3/4	2	1	1/8		1/8	1		8	56	637
187	0.5	63	63	1/4	1/4	3/4	2	1	1/8		1/8	1		9	63	637
187	0.5	63	63	1/4	1/4	3/4	1	1	1/8		1/8	1		8	68	628
187	0.5	63	63	1/4	1/4	3/4	1	1	1/8		1/8	1		7	73	628
187	0.5	63	63	1/4	1/4	3/4	1	1	1/8		1/8	1		8	80	628
375/2	0.5	63	63	3/8	3/8	3/4	2	1	1/8		1/8	1		5	59	638
375/2	0.5	63	63	3/8	3/8	3/4	2	1	1/8		1/8	1		6	66	638
375/2	0.5	63	63	3/8	3/8	3/4	1	1	1/8		1/8	1		5	71	629
375/2	0.5	63	63	3/8	3/8	3/4	1	1	1/8		1/8	1		6	78	629
375/2	0.5	63	63	3/8	3/8	3/4	1	1	1/8		1/8	1		5	83	629
188	0.5	63	63	1/2	1/2	3/4	2	1	1/8		1/8	1		8	56	639
188	0.5	63	63	1/2	1/2	3/4	2	1	1/8		1/8	1		9	63	639
188	0.5	63	63	1/2	1/2	3/4	1	1	1/8		1/8	1		8	68	630
188	0.5	63	63	1/2	1/2	3/4	1	1	1/8		1/8	1		9	75	630
188	0.5	63	63	1/2	1/2	3/4	1	1	1/8		1/8	1		8	80	630
377/2	0.5	63	63	5/8	5/8	3/4	2	1	1/8		1/8	1		9	51	640
377/2	0.5	63	63	5/8	5/8	3/4	2	1	1/8		1/8	1		6	54	640
377/2	0.5	63	63	5/8	5/8	3/4	2	1	1/8		1/8	1		10	58	640
377/2	0.5	63	63	5/8	5/8	3/4	1	1	1/8		1/8	1		9	63	631
377/2	0.5	63	63	5/8	5/8	3/4	1	1	1/8		1/8	1		10	70	631
377/2	0.5	63	63	5/8	5/8	3/4	1	1	1/8		1/8	1		9	75	631
189	0.5	64	64	0	0	3/4	2	1	1/8		1/8	1		8	56	652
189	0.5	64	64	0	0	3/4	2	2	1/8		1/8	1		9	63	659
189	0.5	64	64	0	0	3/4	1	1	1/8		1/8	1		8	68	643
189	0.5	64	64	0	0	3/4	1	2	1/8		1/8	1		9	75	650
189	0.5	64	64	0	0	3/4	1	1	1/8		1/8	1		8	80	643
379/2	0.25	64	64	1/8	1/8	3/4	2	1	1/16		1/16	1		6	54	653
379/2	0.5	64	64	1/8	1/8	3/4	2	2	1/8		1/8	1		7	61	660
379/2	0.25	64	64	1/8	1/8	3/4	1	1	1/16		1/16	1		6	66	644
379/2	0.5	64	64	1/8	1/8	3/4	1	2	1/8		1/8	1		7	73	651
379/2	0.25	64	64	1/8	1/8	3/4	1	1	1/16		1/16	1		6	78	644
759/4	0.25	64	64	3/16	3/16	3/4	2	1	1/16		1/16	1		8	56	654
759/4	0.25	64	64	3/16	3/16	3/4	1	1	1/16		1/16	1		8	68	645
759/4	0.25	64	64	3/16	3/16	3/4	1	1	1/16		1/16	1		8	80	645
190	0.5	64	64	1/4	1/4	3/4	2	1	1/8		1/8	1		8	56	655
190	0.5	64	64	1/4	1/4	3/4	2	1	1/8		1/8	1		9	63	655
190	0.5	64	64	1/4	1/4	3/4	1	1	1/8		1/8	1		8	68	646
190	0.5	64	64	1/4	1/4	3/4	1	1	1/8		1/8	1		7	73	646
190	0.5	64	64	1/4	1/4	3/4	1	1	1/8		1/8	1		8	80	646
381/2	0.5	64	64	3/8	3/8	3/4	2	1	1/8		1/8	1		7	61	656
381/2	0.5	64	64	3/8	3/8	3/4	2	1	1/8		1/8	1		8	68	656
381/2	0.5	64	64	3/8	3/8	3/4	1	1	1/8		1/8	1		7	73	647
381/2	0.5	64	64	3/8	3/8	3/4	1	1	1/8		1/8	1		8	80	647
381/2	0.5	64	64	3/8	3/8	3/4	1	1	1/8		1/8	1		7	85	647
191	0.5	64	64	1/2	1/2	3/4	2	1	1/8		1/8	1		8	56	657
191	0.5	64	64	1/2	1/2	3/4	1	1	1/8		1/8	1		8	68	648
191	0.5	64	64	1/2	1/2	3/4	1	1	1/8		1/8	1		8	80	648
383/2	0.5	64	64	5/8	5/8	3/4	2	1	1/8		1/8	1		9	51	658
383/2	0.5	64	64	5/8	5/8	3/4	2	1	1/8		1/8	1		10	58	658
383/2	0.5	64	64	5/8	5/8	3/4	1	1	1/8		1/8	1		9	63	649
383/2	0.5	64	64	5/8	5/8	3/4	1	1	1/8		1/8	1		10	70	649
383/2	0.5	64	64	5/8	5/8	3/4	1	1	1/8		1/8	1		9	75	649
192	0.5	65	65	0	0	3/4	2	1	1/8		1/8	1		8	56	667
192	0.5	65	65	0	0	3/4	2	1	1/8		1/8	1		9	63	667
192	0.5	65	65	0	0	3/4	1	1	1/8		1/8	1		8	68	661
192	0.5	65	65	0	0	3/4	1	1	1/8		1/8	1		9	75	661
192	0.5	65	65	0	0	3/4	1	1	1/8		1/8	1		8	80	661
385/2	0.5	65	65	1/8	1/8	3/4	2	1	1/8		1/8	1		7	61	668
385/2	0.5	65	65	1/8	1/8	3/4	2	1	1/8		1/8	1		8	68	668
385/2	0.5	65	65	1/8	1/8	3/4	1	1	1/8		1/8	1		7	73	662
385/2	0.5	65	65	1/8	1/8	3/4	1	1	1/8		1/8	1		8	80	662
385/2	0.5	65	65	1/8	1/8	3/4	1	1	1/8		1/8	1		7	85	662
193	0.5	65	65	1/4	1/4	3/4	2	1	1/8		1/8	1		8	56	669
193	0.5	65	65	1/4	1/4	3/4	1	1	1/8		1/8	1		8	68	663
193	0.5	65	65	1/4	1/4	3/4	1	1	1/8		1/8	1		8	80	663
387/2	0.5	65	65	3/8	3/8	3/4	2	1	1/8		1/8	1		9	51	670
387/2	0.5	65	65	3/8	3/8	3/4	2	1	1/8		1/8	1		10	58	670
387/2	0.5	65	65	3/8	3/8	3/4	1	1	1/8		1/8	1		9	63	664
387/2	0.5	65	65	3/8	3/8	3/4	1	1	1/8		1/8	1		10	70	664
387/2	0.5	65	65	3/8	3/8	3/4	1	1	1/8		1/8	1		9	75	664
194	0.5	65	65	1/2	1/2	3/4	2	1	1/8		1/8	1		8	44	671
194	0.5	65	65	1/2	1/2	3/4	2	2	1/8		1/8	1		8	56	673
194	0.5	65	65	1/2	1/2	3/4	1	1	1/8		1/8	1		8	68	665
389/2	0.5	65	65	5/8	5/8	3/4	2	1	1/8		1/8	1		9	39	672
389/2	0.5	65	65	5/8	5/8	3/4	2	1	1/8		1/8	1		10	46	672
389/2	0.5	65	65	5/8	5/8	3/4	2	2	1/8		1/8	1		9	51	674
389/2	0.5	65	65	5/8	5/8	3/4	2	2	1/8		1/8	1		10	58	674
389/2	0.5	65	65	5/8	5/8	3/4	1	1	1/8		1/8	1		9	63	666
195	0.5	66	66	0	0	3/4	2	1	1/8		1/8	1		8	32	675
195	0.5	66	66	0	0	3/4	2	1	1/8		1/8	1		8	44	675
391/2	0.5	66	66	1/8	1/8	3/4	2	1	1/8		1/8	1		7	37	676
391/2	0.5	66	66	1/8	1/8	3/4	2	1	1/8		1/8	1		7	49	676
196	1.0	66	66	1/4	1/4	3/4	2	1	1/4		1/4	1		7	37	677
196	1.0	66	66	1/4	1/4	3/4	2	1	1/4		1/4	1		7	49	677
197	0.25	66	66	1/2	1/2	3/4	2	1	1/16		1/16	1		5	35	678
197	0.25	66	66	1/2	1/2	3/4	2	1	1/16		1/16	1		5	47	678
789/4	0.25	66	66	9/16	9/16	3/4	2	1	1/16		1/16	1		3	33	679
789/4	0.25	66	66	9/16	9/16	3/4	2	1	1/16		1/16	1		3	45	679
395/2	0.5	66	66	5/8	5/8	3/4	2	1	1/8		1/8	1		8	32	680
395/2	0.5	66	66	5/8	5/8	3/4	2	1	1/8		1/8	1		8	44	680
198	1.0	67	67	0	0	3/4	2	1	1/4		1/4	1		8	44	683
198	2.0	67	67	0	0	3/4	2	2	1/2		1/2	1		7	49	686
198	2.0	67	67	0	0	3/4	2	2	1/2		1/2	1		6	54	686
198	2.0	67	67	0	0	3/4	2	2	1/2		1/2	1		5	59	686
198	2.0	67	67	0	0	3/4	1	1	1/2		1/2	1		7	61	681
199	1.0	67	67	1/4	1/4	3/4	2	1	1/4		1/4	1		7	25	684
199	1.0	67	67	1/4	1/4	3/4	2	1	1/4		1/4	1		7	37	684
200	1.0	67	67	1/2	1/2	3/4	2	1	1/4		1/4	1		5	47	685
200	1.0	67	67	1/2	1/2	3/4	2	2	1/4		1/4	1	1	4	52	687
200	1.0	67	67	1/2	1/2	3/4	2	2	1/4		1/4	1	1	3	57	687
200	1.0	67	67	1/2	1/2	3/4	1	1	1/4		1/4	1	1	2	62	682
200	1.0	67	67	1/2	1/2	3/4	1	1	1/4		1/4	1	1	4	64	682
201	1.0	68	68	0	0	3/4	2	1	1/4		1/4	1		4	28	690
201	1.0	68	68	0	0	3/4	2	1	1/4		1/4	1		4	40	690
201	1.0	68	68	0	0	3/4	2	2	1/4		1/4	1	-1	4	52	693
201	1.0	68	68	0	0	3/4	2	2	1/4		1/4	1	-1	3	57	693
201	1.0	68	68	0	0	3/4	1	1	1/4		1/4	1	-1	2	62	688
201	1.0	68	68	0	0	3/4	1	1	1/4		1/4	1	-1	4	64	688
202	1.0	68	68	1/4	1/4	3/4	2	1	1/4		1/4	1		9	51	691
202	2.0	68	68	1/4	1/4	3/4	2	2	1/2		1/2	1		8	56	694
202	2.0	68	68	1/4	1/4	3/4	1	1	1/2		1/2	1		7	61	689
202	2.0	68	68	1/4	1/4	3/4	1	1	1/2		1/2	1		6	66	689
202	2.0	68	68	1/4	1/4	3/4	1	1	1/2		1/2	1		8	68	689
203	1.0	68	68	1/2	1/2	3/4	2	1	1/4		1/4	1		8	32	692
203	1.0	68	68	1/2	1/2	3/4	2	1	1/4		1/4	1		8	44	692
204	1.0	69	69	0	0	3/4	2	1	1/4		1/4	1		9	51	696
204	3.0	69	69	0	0	3/4	1	1	3/4		1/2	3/2		5	59	695
204	3.0	69	69	0	0	3/4	1	1	3/4		1/2	3/2		4	64	695
204	3.0	69	69	0	0	3/4	1	1	3/4		1/2	3/2		3	69	695
204	3.0	69	69	0	0	3/4	1	1	3/4		1/2	3/2		5	71	695
205	1.0	69	69	1/4	1/4	3/4	2	1	1/4		1/4	1		5	35	697
205	1.0	69	69	1/4	1/4	3/4	2	1	1/4		1/4	1		5	47	697
206	1.0	69	69	1/2	1/2	3/4	2	1	1/4		1/4	1		6	42	698
207	1.0	70	70	0	0	3/4	2	1	1/4		1/4	1		7	25	701
207	1.0	70	70	0	0	3/4	2	1	1/4		1/4	1		7	37	701
207	1.0	70	70	0	0	3/4	1	1	1/4		1/4	1		7	61	699
207	1.0	70	70	0	0	3/4	1	1	1/4		1/4	1		4	64	699
207	1.0	70	70	0	0	3/4	1	1	1/4		1/4	1		8	68	699
207	1.0	70	70	0	0	3/4	1	1	1/4		1/4	1		7	73	699
208	2.0	70	70	1/4	1/4	3/4	2	1	1/2		1/2	1		6	54	702
208	2.0	70	70	1/4	1/4	3/4	2	1	1/2		1/2	1		3	57	702
208	2.0	70	70	1/4	1/4	3/4	2	1	1/2		1/2	1		5	59	702
208	2.0	70	70	1/4	1/4	3/4	2	1	1/2		1/2	1		4	64	702
208	2.0	70	70	1/4	1/4	3/4	1	1	1/2		1/2	1		5	71	700
208	2.0	70	70	1/4	1/4	3/4	1	1	1/2		1/2	1		4	76	700
208	2.0	70	70	1/4	1/4	3/4	1	1	1/2		1/2	1		3	81	700
208	2.0	70	70	1/4	1/4	3/4	1	1	1/2		1/2	1		5	83	700
210	3.0	71	71	0	0	3/4	2	1	3/4		1/2	3/2		7	49	706
210	3.0	71	71	0	0	3/4	2	1	3/4		1/2	3/2		4	52	706
210	3.0	71	71	0	0	3/4	2	1	3/4		1/2	3/2		8	56	706
210	3.0	71	71	0	0	3/4	2	1	3/4		1/2	3/2		7	61	706
210	3.0	71	71	0	0	3/4	1	1	3/4		1/2	3/2		7	73	703
210	3.0	71	71	0	0	3/4	1	1	3/4		1/2	3/2		4	76	703
210	3.0	71	71	0	0	3/4	1	1	3/4		1/2	3/2		8	80	703
210	3.0	71	71	0	0	3/4	1	1	3/4		1/2	3/2		7	85	703
211	1.0	71	71	1/4	1/4	3/4	2	2	1/4		1/4	1		7	25	707
211	1.0	71	71	1/4	1/4	3/4	2	2	1/4		1/4	1		7	37	707
211	1.0	71	71	1/4	1/4	3/4	1	2	1/4		1/4	1		7	49	704
212	1.0	71	71	1/2	1/2	3/4	2	2	1/4		1/4	1		7	25	708
212	1.0	71	71	1/2	1/2	3/4	2	2	1/4		1/4	1		7	37	708
212	1.0	71	71	1/2	1/2	3/4	1	2	1/4		1/4	1		7	49	705
213	3.0	72	72	0	0	3/4	2	1	3/4		1/2	3/2		7	25	710
213	3.0	72	72	0	0	3/4	2	1	3/4		1/2	3/2		7	37	710
213	3.0	72	72	0	0	3/4	1	1	3/4		1/2	3/2		7	49	709
