mc	mn	quarterbeats	duration_qb	mc_onset	mn_onset	timesig	staff	voice	duration	gracenote	nominal_duration	scalar	tied	tpc	midi	name	octave	chord_id
1	1	1	2.0	1/4	1/4	4/4	2	1	1/2		1/2	1		4	64	E4	4	2
1	1	1	2.0	1/4	1/4	4/4	2	1	1/2		1/2	1		3	69	A4	4	2
1	1	1	2.0	1/4	1/4	4/4	2	1	1/2		1/2	1		5	71	B4	4	2
1	1	1	2.0	1/4	1/4	4/4	1	1	1/2		1/2	1		4	76	E5	5	0
1	1	1	2.0	1/4	1/4	4/4	1	1	1/2		1/2	1		3	81	A5	5	0
1	1	1	2.0	1/4	1/4	4/4	1	1	1/2		1/2	1		5	83	B5	5	0
1	1	3	1.0	3/4	3/4	4/4	2	1	1/4		1/4	1	1	4	64	E4	4	3
1	1	3	1.0	3/4	3/4	4/4	2	1	1/4		1/4	1	1	3	69	A4	4	3
1	1	3	1.0	3/4	3/4	4/4	2	1	1/4		1/4	1	1	5	71	B4	4	3
1	1	3	1.0	3/4	3/4	4/4	1	1	1/4		1/4	1	1	4	76	E5	5	1
1	1	3	1.0	3/4	3/4	4/4	1	1	1/4		1/4	1	1	3	81	A5	5	1
1	1	3	1.0	3/4	3/4	4/4	1	1	1/4		1/4	1	1	5	83	B5	5	1
2	2	4	1.5	0	0	4/4	2	1	3/8		1/4	3/2	-1	4	64	E4	4	11
2	2	4	1.5	0	0	4/4	2	1	3/8		1/4	3/2	-1	3	69	A4	4	11
2	2	4	1.5	0	0	4/4	2	1	3/8		1/4	3/2	-1	5	71	B4	4	11
2	2	4	1.5	0	0	4/4	1	1	3/8		1/4	3/2	-1	4	76	E5	5	4
2	2	4	1.5	0	0	4/4	1	1	3/8		1/4	3/2	-1	3	81	A5	5	4
2	2	4	1.5	0	0	4/4	1	1	3/8		1/4	3/2	-1	5	83	B5	5	4
2	2	11/2	0.25	3/8	3/8	4/4	2	1	1/16		1/16	1		5	59	B3	3	12
2	2	11/2	0.25	3/8	3/8	4/4	2	1	1/16		1/16	1		4	64	E4	4	12
2	2	11/2	0.25	3/8	3/8	4/4	2	1	1/16		1/16	1		6	66	F#4	4	12
2	2	11/2	0.25	3/8	3/8	4/4	1	1	1/16		1/16	1		5	71	B4	4	5
2	2	11/2	0.25	3/8	3/8	4/4	1	1	1/16		1/16	1		4	76	E5	5	5
2	2	11/2	0.25	3/8	3/8	4/4	1	1	1/16		1/16	1		6	78	F#5	5	5
2	2	23/4	0.25	7/16	7/16	4/4	2	1	1/16		1/16	1		0	60	C4	4	13
2	2	23/4	0.25	7/16	7/16	4/4	2	1	1/16		1/16	1		6	66	F#4	4	13
2	2	23/4	0.25	7/16	7/16	4/4	2	1	1/16		1/16	1		1	67	G4	4	13
2	2	23/4	0.25	7/16	7/16	4/4	1	1	1/16		1/16	1		0	72	C5	5	6
2	2	23/4	0.25	7/16	7/16	4/4	1	1	1/16		1/16	1		6	78	F#5	5	6
2	2	23/4	0.25	7/16	7/16	4/4	1	1	1/16		1/16	1		1	79	G5	5	6
2	2	6	0.5	1/2	1/2	4/4	2	1	1/8		1/8	1		2	62	D4	4	14
2	2	6	0.5	1/2	1/2	4/4	2	1	1/8		1/8	1		1	67	G4	4	14
2	2	6	0.5	1/2	1/2	4/4	2	1	1/8		1/8	1		3	69	A4	4	14
2	2	6	0.5	1/2	1/2	4/4	1	1	1/8		1/8	1		2	74	D5	5	7
2	2	6	0.5	1/2	1/2	4/4	1	1	1/8		1/8	1		1	79	G5	5	7
2	2	6	0.5	1/2	1/2	4/4	1	1	1/8		1/8	1		3	81	A5	5	7
2	2	13/2	0.5	5/8	5/8	4/4	3	1	1/8		1/8	1		8	56	G#3	3	18
2	2	13/2	0.5	5/8	5/8	4/4	2	1	1/8		1/8	1		7	61	C#4	4	15
2	2	13/2	0.5	5/8	5/8	4/4	2	1	1/8		1/8	1		9	63	D#4	4	15
2	2	13/2	0.5	5/8	5/8	4/4	1	1	1/8		1/8	1		8	68	G#4	4	8
2	2	13/2	0.5	5/8	5/8	4/4	1	1	1/8		1/8	1		7	73	C#5	5	8
2	2	13/2	0.5	5/8	5/8	4/4	1	1	1/8		1/8	1		9	75	D#5	5	8
2	2	7	0.5	3/4	3/4	4/4	3	1	1/8		1/8	1		3	57	A3	3	19
2	2	7	0.5	3/4	3/4	4/4	2	1	1/8		1/8	1		2	62	D4	4	16
2	2	7	0.5	3/4	3/4	4/4	2	1	1/8		1/8	1		4	64	E4	4	16
2	2	7	0.5	3/4	3/4	4/4	1	1	1/8		1/8	1		3	69	A4	4	9
2	2	7	0.5	3/4	3/4	4/4	1	1	1/8		1/8	1		2	74	D5	5	9
2	2	7	0.5	3/4	3/4	4/4	1	1	1/8		1/8	1		4	76	E5	5	9
2	2	15/2	0.5	7/8	7/8	4/4	2	1	1/8		1/8	1		0	60	C4	4	17
2	2	15/2	0.5	7/8	7/8	4/4	2	1	1/8		1/8	1		-1	65	F4	4	17
2	2	15/2	0.5	7/8	7/8	4/4	2	1	1/8		1/8	1		1	67	G4	4	17
2	2	15/2	0.5	7/8	7/8	4/4	1	1	1/8		1/8	1		0	72	C5	5	10
2	2	15/2	0.5	7/8	7/8	4/4	1	1	1/8		1/8	1		-1	77	F5	5	10
2	2	15/2	0.5	7/8	7/8	4/4	1	1	1/8		1/8	1		1	79	G5	5	10
3	3	8	0.5	0	0	4/4	2	1	1/8		1/8	1		4	52	E3	3	23
3	3	8	0.5	0	0	4/4	2	1	1/8		1/8	1		3	57	A3	3	23
3	3	8	0.5	0	0	4/4	2	1	1/8		1/8	1		5	59	B3	3	23
3	3	8	0.5	0	0	4/4	1	1	1/8		1/8	1		4	64	E4	4	20
3	3	8	0.5	0	0	4/4	1	1	1/8		1/8	1		3	69	A4	4	20
3	3	8	0.5	0	0	4/4	1	1	1/8		1/8	1		5	71	B4	4	20
3	3	17/2	0.5	1/8	1/8	4/4	2	1	1/8		1/8	1		-4	56	Ab3	3	24
3	3	17/2	0.5	1/8	1/8	4/4	2	1	1/8		1/8	1		0	60	C4	4	24
3	3	17/2	0.5	1/8	1/8	4/4	2	1	1/8		1/8	1		2	62	D4	4	24
3	3	17/2	0.5	1/8	1/8	4/4	1	1	1/8		1/8	1		-4	68	Ab4	4	21
3	3	17/2	0.5	1/8	1/8	4/4	1	1	1/8		1/8	1		0	72	C5	5	21
3	3	17/2	0.5	1/8	1/8	4/4	1	1	1/8		1/8	1		2	74	D5	5	21
3	3	9	3.0	1/4	1/4	4/4	2	1	3/4		1/2	3/2		6	54	F#3	3	25
3	3	9	3.0	1/4	1/4	4/4	2	1	3/4		1/2	3/2		3	57	A3	3	25
3	3	9	3.0	1/4	1/4	4/4	2	1	3/4		1/2	3/2		5	59	B3	3	25
3	3	9	3.0	1/4	1/4	4/4	1	1	3/4		1/2	3/2		6	66	F#4	4	22
3	3	9	3.0	1/4	1/4	4/4	1	1	3/4		1/2	3/2		3	69	A4	4	22
3	3	9	3.0	1/4	1/4	4/4	1	1	3/4		1/2	3/2		5	71	B4	4	22
4	4	12	0.5	0	0	4/4	2	1	1/8		1/8	1		4	52	E3	3	38
4	4	12	0.5	0	0	4/4	2	1	1/8		1/8	1		3	57	A3	3	38
4	4	12	0.5	0	0	4/4	2	1	1/8		1/8	1		5	59	B3	3	38
4	4	12	0.5	0	0	4/4	1	2	1/8		1/8	1		4	64	E4	4	29
4	4	12	0.5	0	0	4/4	1	2	1/8		1/8	1		3	69	A4	4	29
4	4	12	0.5	0	0	4/4	1	1	1/8		1/8	1		5	71	B4	4	26
4	4	25/2	0.5	1/8	1/8	4/4	2	1	1/8		1/8	1		-4	56	Ab3	3	39
4	4	25/2	0.5	1/8	1/8	4/4	2	1	1/8		1/8	1		0	60	C4	4	39
4	4	25/2	0.5	1/8	1/8	4/4	2	1	1/8		1/8	1		2	62	D4	4	39
4	4	25/2	0.5	1/8	1/8	4/4	1	2	1/8		1/8	1		-4	68	Ab4	4	30
4	4	25/2	0.5	1/8	1/8	4/4	1	2	1/8		1/8	1		0	72	C5	5	30
4	4	25/2	0.5	1/8	1/8	4/4	1	1	1/8		1/8	1		2	74	D5	5	27
4	4	13	0.5	1/4	1/4	4/4	2	2	1/8		1/8	1		1	55	G3	3	41
4	4	13	3.0	1/4	1/4	4/4	2	1	3/4		1/2	3/2		3	57	A3	3	40
4	4	13	3.0	1/4	1/4	4/4	2	1	3/4		1/2	3/2		5	59	B3	3	40
4	4	13	0.5	1/4	1/4	4/4	1	2	1/8		1/8	1		1	67	G4	4	31
4	4	13	3.0	1/4	1/4	4/4	1	1	3/4		1/2	3/2		3	69	A4	4	28
4	4	13	3.0	1/4	1/4	4/4	1	1	3/4		1/2	3/2		5	71	B4	4	28
4	4	27/2	0.25	3/8	3/8	4/4	2	2	1/16		1/16	1		-1	53	F3	3	42
4	4	27/2	0.25	3/8	3/8	4/4	1	2	1/16		1/16	1		-1	65	F4	4	32
4	4	55/4	0.25	7/16	7/16	4/4	2	2	1/16		1/16	1		4	52	E3	3	43
4	4	55/4	0.25	7/16	7/16	4/4	1	2	1/16		1/16	1		4	64	E4	4	33
4	4	14	0.5	1/2	1/2	4/4	2	2	1/8		1/8	1		2	50	D3	3	44
4	4	14	0.5	1/2	1/2	4/4	1	2	1/8		1/8	1		2	62	D4	4	34
4	4	29/2	0.5	5/8	5/8	4/4	2	2	1/8		1/8	1		1	55	G3	3	45
4	4	29/2	0.5	5/8	5/8	4/4	1	2	1/8		1/8	1		1	67	G4	4	35
4	4	15	0.5	3/4	3/4	4/4	2	2	1/8		1/8	1		-1	53	F3	3	46
4	4	15	0.5	3/4	3/4	4/4	1	2	1/8		1/8	1		-1	65	F4	4	36
4	4	31/2	0.5	7/8	7/8	4/4	2	2	1/8		1/8	1		1	55	G3	3	47
4	4	31/2	0.5	7/8	7/8	4/4	1	2	1/8		1/8	1		1	67	G4	4	37
5	5	16	0.5	0	0	4/4	2	2	1/8		1/8	1		3	57	A3	3	53
5	5	16	4.0	0	0	4/4	2	1	1		1	1		5	59	B3	3	52
5	5	16	0.5	0	0	4/4	1	2	1/8		1/8	1		3	69	A4	4	49
5	5	16	4.0	0	0	4/4	1	1	1		1	1		5	71	B4	4	48
5	5	33/2	0.5	1/8	1/8	4/4	2	2	1/8		1/8	1	1	5	59	B3	3	54
5	5	33/2	0.5	1/8	1/8	4/4	1	2	1/8		1/8	1	1	5	71	B4	4	50
5	5	17	3.0	1/4	1/4	4/4	2	2	3/4		1/2	3/2	-1	5	59	B3	3	55
5	5	17	3.0	1/4	1/4	4/4	1	2	3/4		1/2	3/2	-1	5	71	B4	4	51
6	6	20	0.25	0	0	4/4	3	1	1/16		1/16	1		5	47	B2	2	60
6	6	20	0.25	0	0	4/4	3	2	1/16		1/16	1		5	47	B2	2	64
6	6	81/4	0.25	1/16	1/16	4/4	3	1	1/16		1/16	1		4	40	E2	2	61
6	6	41/2	0.25	1/8	1/8	4/4	3	1	1/16		1/16	1		5	35	B1	1	62
6	6	83/4	0.25	3/16	3/16	4/4	3	1	1/16		1/16	1		4	28	E1	1	63
6	6	21	1.0	1/4	1/4	4/4	2	1	1/4		1/4	1		8	56	G#3	3	58
6	6	21	1.0	1/4	1/4	4/4	2	1	1/4		1/4	1		7	61	C#4	4	58
6	6	21	1.0	1/4	1/4	4/4	2	1	1/4		1/4	1		11	65	E#4	4	58
6	6	21	1.0	1/4	1/4	4/4	2	1	1/4		1/4	1		8	68	G#4	4	58
6	6	21	1.0	1/4	1/4	4/4	1	1	1/4		1/4	1		7	73	C#5	5	56
6	6	21	1.0	1/4	1/4	4/4	1	1	1/4		1/4	1		11	77	E#5	5	56
6	6	21	1.0	1/4	1/4	4/4	1	1	1/4		1/4	1		8	80	G#5	5	56
6	6	21	1.0	1/4	1/4	4/4	1	1	1/4		1/4	1		7	85	C#6	6	56
6	6	22	2.0	1/2	1/2	4/4	2	1	1/2		1/2	1		6	54	F#3	3	59
6	6	22	2.0	1/2	1/2	4/4	2	1	1/2		1/2	1		5	59	B3	3	59
6	6	22	2.0	1/2	1/2	4/4	2	1	1/2		1/2	1		2	62	D4	4	59
6	6	22	2.0	1/2	1/2	4/4	2	1	1/2		1/2	1		6	66	F#4	4	59
6	6	22	2.0	1/2	1/2	4/4	1	1	1/2		1/2	1		10	70	A#4	4	57
6	6	22	2.0	1/2	1/2	4/4	1	1	1/2		1/2	1		2	74	D5	5	57
6	6	22	2.0	1/2	1/2	4/4	1	1	1/2		1/2	1		6	78	F#5	5	57
6	6	22	2.0	1/2	1/2	4/4	1	1	1/2		1/2	1		10	82	A#5	5	57
7	7	24	0.25	0	0	4/4	3	1	1/16		1/16	1		5	47	B2	2	71
7	7	24	0.25	0	0	4/4	3	2	1/16		1/16	1		5	47	B2	2	75
7	7	97/4	0.25	1/16	1/16	4/4	3	1	1/16		1/16	1		4	40	E2	2	72
7	7	49/2	0.25	1/8	1/8	4/4	3	1	1/16		1/16	1		5	35	B1	1	73
7	7	99/4	0.25	3/16	3/16	4/4	3	1	1/16		1/16	1		4	28	E1	1	74
7	7	25	1.0	1/4	1/4	4/4	2	1	1/4		1/4	1		8	56	G#3	3	68
7	7	25	1.0	1/4	1/4	4/4	2	1	1/4		1/4	1		7	61	C#4	4	68
7	7	25	1.0	1/4	1/4	4/4	2	1	1/4		1/4	1		11	65	E#4	4	68
7	7	25	1.0	1/4	1/4	4/4	2	1	1/4		1/4	1		8	68	G#4	4	68
7	7	25	1.0	1/4	1/4	4/4	1	1	1/4		1/4	1		7	73	C#5	5	65
7	7	25	1.0	1/4	1/4	4/4	1	1	1/4		1/4	1		11	77	E#5	5	65
7	7	25	1.0	1/4	1/4	4/4	1	1	1/4		1/4	1		8	80	G#5	5	65
7	7	25	1.0	1/4	1/4	4/4	1	1	1/4		1/4	1		7	85	C#6	6	65
7	7	26	1.0	1/2	1/2	4/4	2	1	1/4		1/4	1		6	54	F#3	3	69
7	7	26	1.0	1/2	1/2	4/4	2	1	1/4		1/4	1		5	59	B3	3	69
7	7	26	1.0	1/2	1/2	4/4	2	1	1/4		1/4	1		2	62	D4	4	69
7	7	26	1.0	1/2	1/2	4/4	2	1	1/4		1/4	1		6	66	F#4	4	69
7	7	26	1.0	1/2	1/2	4/4	1	1	1/4		1/4	1		10	70	A#4	4	66
7	7	26	1.0	1/2	1/2	4/4	1	1	1/4		1/4	1		2	74	D5	5	66
7	7	26	1.0	1/2	1/2	4/4	1	1	1/4		1/4	1		6	78	F#5	5	66
7	7	26	1.0	1/2	1/2	4/4	1	1	1/4		1/4	1		10	82	A#5	5	66
7	7	27	1.0	3/4	3/4	4/4	2	1	1/4		1/4	1	1	2	50	D3	3	70
7	7	27	1.0	3/4	3/4	4/4	2	1	1/4		1/4	1	1	1	55	G3	3	70
7	7	27	1.0	3/4	3/4	4/4	2	1	1/4		1/4	1	1	5	59	B3	3	70
7	7	27	1.0	3/4	3/4	4/4	2	1	1/4		1/4	1	1	2	62	D4	4	70
7	7	27	1.0	3/4	3/4	4/4	1	1	1/4		1/4	1	1	1	67	G4	4	67
7	7	27	1.0	3/4	3/4	4/4	1	1	1/4		1/4	1	1	5	71	B4	4	67
7	7	27	1.0	3/4	3/4	4/4	1	1	1/4		1/4	1	1	2	74	D5	5	67
7	7	27	1.0	3/4	3/4	4/4	1	1	1/4		1/4	1	1	1	79	G5	5	67
8	8	28	1.5	0	0	4/4	2	1	3/8		1/4	3/2	-1	2	50	D3	3	80
8	8	28	1.5	0	0	4/4	2	1	3/8		1/4	3/2	-1	1	55	G3	3	80
8	8	28	1.5	0	0	4/4	2	1	3/8		1/4	3/2	-1	5	59	B3	3	80
8	8	28	1.5	0	0	4/4	2	1	3/8		1/4	3/2	-1	2	62	D4	4	80
8	8	28	1.5	0	0	4/4	1	1	3/8		1/4	3/2	-1	1	67	G4	4	76
8	8	28	1.5	0	0	4/4	1	1	3/8		1/4	3/2	-1	5	71	B4	4	76
8	8	28	1.5	0	0	4/4	1	1	3/8		1/4	3/2	-1	2	74	D5	5	76
8	8	28	1.5	0	0	4/4	1	1	3/8		1/4	3/2	-1	1	79	G5	5	76
8	8	59/2	0.5	3/8	3/8	4/4	2	1	1/8		1/8	1		4	52	E3	3	81
8	8	59/2	0.5	3/8	3/8	4/4	2	1	1/8		1/8	1		3	57	A3	3	81
8	8	59/2	0.5	3/8	3/8	4/4	2	1	1/8		1/8	1		7	61	C#4	4	81
8	8	59/2	0.5	3/8	3/8	4/4	2	1	1/8		1/8	1		4	64	E4	4	81
8	8	59/2	0.5	3/8	3/8	4/4	1	1	1/8		1/8	1		3	69	A4	4	77
8	8	59/2	0.5	3/8	3/8	4/4	1	1	1/8		1/8	1		7	73	C#5	5	77
8	8	59/2	0.5	3/8	3/8	4/4	1	1	1/8		1/8	1		4	76	E5	5	77
8	8	59/2	0.5	3/8	3/8	4/4	1	1	1/8		1/8	1		3	81	A5	5	77
8	8	30	1.0	1/2	1/2	4/4	2	1	1/4		1/4	1		1	55	G3	3	82
8	8	30	1.0	1/2	1/2	4/4	2	1	1/4		1/4	1		0	60	C4	4	82
8	8	30	1.0	1/2	1/2	4/4	2	1	1/4		1/4	1		-3	63	Eb4	4	82
8	8	30	1.0	1/2	1/2	4/4	2	1	1/4		1/4	1		1	67	G4	4	82
8	8	30	1.0	1/2	1/2	4/4	1	1	1/4		1/4	1		0	72	C5	5	78
8	8	30	1.0	1/2	1/2	4/4	1	1	1/4		1/4	1		-3	75	Eb5	5	78
8	8	30	1.0	1/2	1/2	4/4	1	1	1/4		1/4	1		1	79	G5	5	78
8	8	30	1.0	1/2	1/2	4/4	1	1	1/4		1/4	1		0	84	C6	6	78
8	8	31	1.0	3/4	3/4	4/4	2	1	1/4		1/4	1		3	57	A3	3	83
8	8	31	1.0	3/4	3/4	4/4	2	1	1/4		1/4	1		2	62	D4	4	83
8	8	31	1.0	3/4	3/4	4/4	2	1	1/4		1/4	1		-1	65	F4	4	83
8	8	31	1.0	3/4	3/4	4/4	2	1	1/4		1/4	1		3	69	A4	4	83
8	8	31	1.0	3/4	3/4	4/4	1	1	1/4		1/4	1		2	74	D5	5	79
8	8	31	1.0	3/4	3/4	4/4	1	1	1/4		1/4	1		-1	77	F5	5	79
8	8	31	1.0	3/4	3/4	4/4	1	1	1/4		1/4	1		3	81	A5	5	79
8	8	31	1.0	3/4	3/4	4/4	1	1	1/4		1/4	1		2	86	D6	6	79
9	9	32	0.25	0	0	4/4	3	1	1/16		1/16	1		5	47	B2	2	88
9	9	32	0.25	0	0	4/4	3	2	1/16		1/16	1		5	47	B2	2	92
9	9	32	1.0	0	0	4/4	2	1	1/4		1/4	1		7	61	C#4	4	86
9	9	32	1.0	0	0	4/4	2	1	1/4		1/4	1		6	66	F#4	4	86
9	9	32	1.0	0	0	4/4	2	1	1/4		1/4	1		10	70	A#4	4	86
9	9	32	1.0	0	0	4/4	2	1	1/4		1/4	1		7	73	C#5	5	86
9	9	32	1.0	0	0	4/4	1	1	1/4		1/4	1		6	78	F#5	5	84
9	9	32	1.0	0	0	4/4	1	1	1/4		1/4	1		10	82	A#5	5	84
9	9	32	1.0	0	0	4/4	1	1	1/4		1/4	1		7	85	C#6	6	84
9	9	32	1.0	0	0	4/4	1	1	1/4		1/4	1		6	90	F#6	6	84
9	9	129/4	0.25	1/16	1/16	4/4	3	1	1/16		1/16	1		4	40	E2	2	89
9	9	65/2	0.25	1/8	1/8	4/4	3	1	1/16		1/16	1		5	35	B1	1	90
9	9	131/4	0.25	3/16	3/16	4/4	3	1	1/16		1/16	1		4	28	E1	1	91
9	9	33	3.0	1/4	1/4	4/4	2	1	3/4		1/2	3/2	1	5	59	B3	3	87
9	9	33	3.0	1/4	1/4	4/4	2	1	3/4		1/2	3/2	1	4	64	E4	4	87
9	9	33	3.0	1/4	1/4	4/4	2	1	3/4		1/2	3/2	1	1	67	G4	4	87
9	9	33	3.0	1/4	1/4	4/4	2	1	3/4		1/2	3/2	1	5	71	B4	4	87
9	9	33	3.0	1/4	1/4	4/4	1	1	3/4		1/2	3/2	1	9	75	D#5	5	85
9	9	33	3.0	1/4	1/4	4/4	1	1	3/4		1/2	3/2	1	1	79	G5	5	85
9	9	33	3.0	1/4	1/4	4/4	1	1	3/4		1/2	3/2	1	5	83	B5	5	85
9	9	33	3.0	1/4	1/4	4/4	1	1	3/4		1/2	3/2	1	9	87	D#6	6	85
10	10	36	1.0	0	0	4/4	2	1	1/4		1/4	1	-1	5	59	B3	3	97
10	10	36	1.0	0	0	4/4	2	1	1/4		1/4	1	-1	4	64	E4	4	97
10	10	36	1.0	0	0	4/4	2	1	1/4		1/4	1	-1	1	67	G4	4	97
10	10	36	1.0	0	0	4/4	2	1	1/4		1/4	1	-1	5	71	B4	4	97
10	10	36	1.0	0	0	4/4	1	1	1/4		1/4	1	-1	9	75	D#5	5	93
10	10	36	1.0	0	0	4/4	1	1	1/4		1/4	1	-1	1	79	G5	5	93
10	10	36	1.0	0	0	4/4	1	1	1/4		1/4	1	-1	5	83	B5	5	93
10	10	36	1.0	0	0	4/4	1	1	1/4		1/4	1	-1	9	87	D#6	6	93
10	10	37	1.0	1/4	1/4	4/4	2	1	1/4		1/4	1		7	61	C#4	4	98
10	10	37	1.0	1/4	1/4	4/4	2	1	1/4		1/4	1		6	66	F#4	4	98
10	10	37	1.0	1/4	1/4	4/4	2	1	1/4		1/4	1		10	70	A#4	4	98
10	10	37	1.0	1/4	1/4	4/4	2	1	1/4		1/4	1		7	73	C#5	5	98
10	10	37	1.0	1/4	1/4	4/4	1	1	1/4		1/4	1		6	78	F#5	5	94
10	10	37	1.0	1/4	1/4	4/4	1	1	1/4		1/4	1		10	82	A#5	5	94
10	10	37	1.0	1/4	1/4	4/4	1	1	1/4		1/4	1		7	85	C#6	6	94
10	10	37	1.0	1/4	1/4	4/4	1	1	1/4		1/4	1		6	90	F#6	6	94
10	10	38	1.0	1/2	1/2	4/4	2	1	1/4		1/4	1		5	59	B3	3	99
10	10	38	1.0	1/2	1/2	4/4	2	1	1/4		1/4	1		4	64	E4	4	99
10	10	38	1.0	1/2	1/2	4/4	2	1	1/4		1/4	1		1	67	G4	4	99
10	10	38	1.0	1/2	1/2	4/4	2	1	1/4		1/4	1		5	71	B4	4	99
10	10	38	1.0	1/2	1/2	4/4	1	1	1/4		1/4	1		9	75	D#5	5	95
10	10	38	1.0	1/2	1/2	4/4	1	1	1/4		1/4	1		1	79	G5	5	95
10	10	38	1.0	1/2	1/2	4/4	1	1	1/4		1/4	1		5	83	B5	5	95
10	10	38	1.0	1/2	1/2	4/4	1	1	1/4		1/4	1		9	87	D#6	6	95
10	10	39	1.0	3/4	3/4	4/4	2	1	1/4		1/4	1	1	1	55	G3	3	100
10	10	39	1.0	3/4	3/4	4/4	2	1	1/4		1/4	1	1	0	60	C4	4	100
10	10	39	1.0	3/4	3/4	4/4	2	1	1/4		1/4	1	1	4	64	E4	4	100
10	10	39	1.0	3/4	3/4	4/4	2	1	1/4		1/4	1	1	1	67	G4	4	100
10	10	39	1.0	3/4	3/4	4/4	1	1	1/4		1/4	1	1	0	72	C5	5	96
10	10	39	1.0	3/4	3/4	4/4	1	1	1/4		1/4	1	1	4	76	E5	5	96
10	10	39	1.0	3/4	3/4	4/4	1	1	1/4		1/4	1	1	1	79	G5	5	96
10	10	39	1.0	3/4	3/4	4/4	1	1	1/4		1/4	1	1	0	84	C6	6	96
11	11	40	1.5	0	0	4/4	2	1	3/8		1/4	3/2	-1	1	55	G3	3	105
11	11	40	1.5	0	0	4/4	2	1	3/8		1/4	3/2	-1	0	60	C4	4	105
11	11	40	1.5	0	0	4/4	2	1	3/8		1/4	3/2	-1	4	64	E4	4	105
11	11	40	1.5	0	0	4/4	2	1	3/8		1/4	3/2	-1	1	67	G4	4	105
11	11	40	1.5	0	0	4/4	1	1	3/8		1/4	3/2	-1	0	72	C5	5	101
11	11	40	1.5	0	0	4/4	1	1	3/8		1/4	3/2	-1	4	76	E5	5	101
11	11	40	1.5	0	0	4/4	1	1	3/8		1/4	3/2	-1	1	79	G5	5	101
11	11	40	1.5	0	0	4/4	1	1	3/8		1/4	3/2	-1	0	84	C6	6	101
11	11	83/2	0.5	3/8	3/8	4/4	2	1	1/8		1/8	1		3	57	A3	3	106
11	11	83/2	0.5	3/8	3/8	4/4	2	1	1/8		1/8	1		2	62	D4	4	106
11	11	83/2	0.5	3/8	3/8	4/4	2	1	1/8		1/8	1		6	66	F#4	4	106
11	11	83/2	0.5	3/8	3/8	4/4	2	1	1/8		1/8	1		3	69	A4	4	106
11	11	83/2	0.5	3/8	3/8	4/4	1	1	1/8		1/8	1		2	74	D5	5	102
11	11	83/2	0.5	3/8	3/8	4/4	1	1	1/8		1/8	1		6	78	F#5	5	102
11	11	83/2	0.5	3/8	3/8	4/4	1	1	1/8		1/8	1		3	81	A5	5	102
11	11	83/2	0.5	3/8	3/8	4/4	1	1	1/8		1/8	1		2	86	D6	6	102
11	11	42	1.0	1/2	1/2	4/4	2	1	1/4		1/4	1		0	60	C4	4	107
11	11	42	1.0	1/2	1/2	4/4	2	1	1/4		1/4	1		-1	65	F4	4	107
11	11	42	1.0	1/2	1/2	4/4	2	1	1/4		1/4	1		-4	68	Ab4	4	107
11	11	42	1.0	1/2	1/2	4/4	2	1	1/4		1/4	1		0	72	C5	5	107
11	11	42	1.0	1/2	1/2	4/4	1	1	1/4		1/4	1		-1	77	F5	5	103
11	11	42	1.0	1/2	1/2	4/4	1	1	1/4		1/4	1		-4	80	Ab5	5	103
11	11	42	1.0	1/2	1/2	4/4	1	1	1/4		1/4	1		0	84	C6	6	103
11	11	42	1.0	1/2	1/2	4/4	1	1	1/4		1/4	1		-1	89	F6	6	103
11	11	43	1.0	3/4	3/4	4/4	2	1	1/4		1/4	1		2	62	D4	4	108
11	11	43	1.0	3/4	3/4	4/4	2	1	1/4		1/4	1		1	67	G4	4	108
11	11	43	1.0	3/4	3/4	4/4	2	1	1/4		1/4	1		-2	70	Bb4	4	108
11	11	43	1.0	3/4	3/4	4/4	2	1	1/4		1/4	1		2	74	D5	5	108
11	11	43	1.0	3/4	3/4	4/4	1	1	1/4		1/4	1		1	79	G5	5	104
11	11	43	1.0	3/4	3/4	4/4	1	1	1/4		1/4	1		-2	82	Bb5	5	104
11	11	43	1.0	3/4	3/4	4/4	1	1	1/4		1/4	1		2	86	D6	6	104
11	11	43	1.0	3/4	3/4	4/4	1	1	1/4		1/4	1		1	91	G6	6	104
12	12	44	4.0	0	0	4/4	3	1	1		1	1		5	35	B1	1	113
12	12	44	4.0	0	0	4/4	3	1	1		1	1		6	42	F#2	2	113
12	12	44	4.0	0	0	4/4	3	1	1		1	1		5	47	B2	2	113
12	12	44	4.0	0	0	4/4	1	1	1		1	1		5	71	B4	4	109
12	12	44	4.0	0	0	4/4	1	1	1		1	1		6	78	F#5	5	109
12	12	44	4.0	0	0	4/4	1	1	1		1	1		5	83	B5	5	109
12	12	46	0.0	1/2	1/2	4/4	2	1	0	grace16	1/16	1		5	83	B5	5	110
12	12	46	0.0	1/2	1/2	4/4	2	1	0	grace16	1/16	1		5	71	B4	4	111
12	12	46	2.0	1/2	1/2	4/4	2	1	1/2		1/2	1	1	5	71	B4	4	112
13	13	48	0.5	0	0	4/4	2	1	1/8		1/8	1	-1	5	71	B4	4	114
13	13	97/2	0.5	1/8	1/8	4/4	2	1	1/8		1/8	1		3	69	A4	4	115
13	13	49	0.0	1/4	1/4	4/4	2	1	0	grace16	1/16	1		6	78	F#5	5	116
13	13	49	0.0	1/4	1/4	4/4	2	1	0	grace16	1/16	1		6	66	F#4	4	117
13	13	49	0.5	1/4	1/4	4/4	2	1	1/8		1/8	1		6	66	F#4	4	118
13	13	99/2	0.5	3/8	3/8	4/4	2	1	1/8		1/8	1		3	69	A4	4	119
13	13	50	0.0	1/2	1/2	4/4	2	1	0	grace16	1/16	1		5	83	B5	5	120
13	13	50	0.0	1/2	1/2	4/4	2	1	0	grace16	1/16	1		5	71	B4	4	121
13	13	50	0.5	1/2	1/2	4/4	2	1	1/8		1/8	1		5	71	B4	4	122
13	13	101/2	0.5	5/8	5/8	4/4	2	1	1/8		1/8	1		7	73	C#5	5	123
13	13	51	0.0	3/4	3/4	4/4	2	1	0	grace16	1/16	1		4	88	E6	6	124
13	13	51	0.0	3/4	3/4	4/4	2	1	0	grace16	1/16	1		4	76	E5	5	125
13	13	51	0.5	3/4	3/4	4/4	2	1	1/8		1/8	1		4	76	E5	5	126
13	13	103/2	0.5	7/8	7/8	4/4	2	1	1/8		1/8	1		7	73	C#5	5	127
14	14	52	0.0	0	0	4/4	2	1	0	grace16	1/16	1		5	83	B5	5	139
14	14	52	0.0	0	0	4/4	2	1	0	grace16	1/16	1		5	71	B4	4	140
14	14	52	0.3333333333333333	0	0	4/4	1	1	1/12		1/8	2/3		5	71	B4	4	128
14	14	52	0.5	0	0	4/4	2	1	1/8		1/8	1		5	71	B4	4	141
14	14	157/3	0.3333333333333333	1/12	1/12	4/4	1	1	1/12		1/8	2/3		6	78	F#5	5	129
14	14	105/2	0.5	1/8	1/8	4/4	2	1	1/8		1/8	1		3	69	A4	4	142
14	14	158/3	0.3333333333333333	1/6	1/6	4/4	1	1	1/12		1/8	2/3		6	78	F#5	5	130
14	14	53	0.0	1/4	1/4	4/4	2	1	0	grace16	1/16	1		6	78	F#5	5	143
14	14	53	0.0	1/4	1/4	4/4	2	1	0	grace16	1/16	1		6	66	F#4	4	144
14	14	53	0.5	1/4	1/4	4/4	2	1	1/8		1/8	1		6	66	F#4	4	145
14	14	53	0.3333333333333333	1/4	1/4	4/4	1	1	1/12		1/8	2/3		6	78	F#5	5	131
14	14	160/3	0.3333333333333333	1/3	1/3	4/4	1	1	1/12		1/8	2/3		6	78	F#5	5	132
14	14	107/2	0.5	3/8	3/8	4/4	2	1	1/8		1/8	1		3	69	A4	4	146
14	14	161/3	0.3333333333333333	5/12	5/12	4/4	1	1	1/12		1/8	2/3		4	76	E5	5	133
14	14	54	0.0	1/2	1/2	4/4	2	1	0	grace16	1/16	1		5	83	B5	5	147
14	14	54	0.0	1/2	1/2	4/4	2	1	0	grace16	1/16	1		5	71	B4	4	148
14	14	54	0.5	1/2	1/2	4/4	2	1	1/8		1/8	1		5	71	B4	4	149
14	14	54	0.3333333333333333	1/2	1/2	4/4	1	1	1/12		1/8	2/3		6	78	F#5	5	134
14	14	163/3	0.3333333333333333	7/12	7/12	4/4	1	1	1/12		1/8	2/3		8	80	G#5	5	135
14	14	109/2	0.5	5/8	5/8	4/4	2	1	1/8		1/8	1		7	73	C#5	5	150
14	14	164/3	0.3333333333333333	2/3	2/3	4/4	1	1	1/12		1/8	2/3	1	3	81	A5	5	136
14	14	55	0.0	3/4	3/4	4/4	2	1	0	grace16	1/16	1		4	88	E6	6	151
14	14	55	0.0	3/4	3/4	4/4	2	1	0	grace16	1/16	1		4	76	E5	5	152
14	14	55	0.5	3/4	3/4	4/4	2	1	1/8		1/8	1		4	76	E5	5	153
14	14	55	0.5	3/4	3/4	4/4	1	1	1/8		1/8	1	-1	3	81	A5	5	137
14	14	111/2	0.5	7/8	7/8	4/4	2	1	1/8		1/8	1		7	73	C#5	5	154
14	14	111/2	0.5	7/8	7/8	4/4	1	1	1/8		1/8	1		8	80	G#5	5	138
15	15	56	0.0	0	0	4/4	2	1	0	grace16	1/16	1		5	83	B5	5	162
15	15	56	0.0	0	0	4/4	2	1	0	grace16	1/16	1		5	71	B4	4	163
15	15	56	0.5	0	0	4/4	2	1	1/8		1/8	1		5	71	B4	4	164
15	15	56	0.3333333333333333	0	0	4/4	1	1	1/12		1/8	2/3		6	78	F#5	5	155
15	15	169/3	0.3333333333333333	1/12	1/12	4/4	1	1	1/12		1/8	2/3		6	78	F#5	5	156
15	15	113/2	0.5	1/8	1/8	4/4	2	1	1/8		1/8	1		3	69	A4	4	165
15	15	170/3	0.3333333333333333	1/6	1/6	4/4	1	1	1/12		1/8	2/3		8	80	G#5	5	157
15	15	57	0.0	1/4	1/4	4/4	2	1	0	grace16	1/16	1		6	78	F#5	5	166
15	15	57	0.0	1/4	1/4	4/4	2	1	0	grace16	1/16	1		6	66	F#4	4	167
15	15	57	0.5	1/4	1/4	4/4	2	1	1/8		1/8	1		6	66	F#4	4	168
15	15	57	0.3333333333333333	1/4	1/4	4/4	1	1	1/12		1/8	2/3		6	78	F#5	5	158
15	15	172/3	0.3333333333333333	1/3	1/3	4/4	1	1	1/12		1/8	2/3		6	78	F#5	5	159
15	15	115/2	0.5	3/8	3/8	4/4	2	1	1/8		1/8	1		3	69	A4	4	169
15	15	173/3	0.3333333333333333	5/12	5/12	4/4	1	1	1/12		1/8	2/3		4	76	E5	5	160
15	15	58	0.0	1/2	1/2	4/4	2	1	0	grace16	1/16	1		5	83	B5	5	170
15	15	58	0.0	1/2	1/2	4/4	2	1	0	grace16	1/16	1		5	71	B4	4	171
15	15	58	0.5	1/2	1/2	4/4	2	1	1/8		1/8	1		5	71	B4	4	172
15	15	58	2.0	1/2	1/2	4/4	1	1	1/2		1/2	1		6	78	F#5	5	161
15	15	117/2	0.5	5/8	5/8	4/4	2	1	1/8		1/8	1		7	73	C#5	5	173
15	15	59	0.0	3/4	3/4	4/4	2	1	0	grace16	1/16	1		4	88	E6	6	174
15	15	59	0.0	3/4	3/4	4/4	2	1	0	grace16	1/16	1		4	76	E5	5	175
15	15	59	0.5	3/4	3/4	4/4	2	1	1/8		1/8	1		4	76	E5	5	176
15	15	119/2	0.5	7/8	7/8	4/4	2	1	1/8		1/8	1		7	73	C#5	5	177
16	16	60	2.0	0	0	4/4	2	1	1/2		1/2	1		1	55	G3	3	187
16	16	60	1.0	0	0	4/4	2	2	1/4		1/4	1		7	61	C#4	4	191
16	16	60	2.0	0	0	4/4	2	1	1/2		1/2	1		2	62	D4	4	187
16	16	60	2.0	0	0	4/4	1	1	1/2		1/2	1		1	67	G4	4	178
16	16	60	1.0	0	0	4/4	1	2	1/4		1/4	1		0	72	C5	5	182
16	16	60	2.0	0	0	4/4	1	1	1/2		1/2	1		9	75	D#5	5	178
16	16	61	1.0	1/4	1/4	4/4	2	2	1/4		1/4	1	1	5	59	B3	3	192
16	16	61	1.0	1/4	1/4	4/4	1	2	1/4		1/4	1	1	5	71	B4	4	183
16	16	62	0.5	1/2	1/2	4/4	2	2	1/8		1/8	1		1	55	G3	3	193
16	16	62	0.5	1/2	1/2	4/4	2	1	1/8		1/8	1	-1	5	59	B3	3	188
16	16	62	0.5	1/2	1/2	4/4	2	1	1/8		1/8	1		2	62	D4	4	188
16	16	62	0.5	1/2	1/2	4/4	1	1	1/8		1/8	1		1	67	G4	4	179
16	16	62	0.5	1/2	1/2	4/4	1	1	1/8		1/8	1	-1	5	71	B4	4	179
16	16	62	0.5	1/2	1/2	4/4	1	1	1/8		1/8	1		9	75	D#5	5	179
16	16	125/2	1.0	5/8	5/8	4/4	2	1	1/4		1/4	1		0	60	C4	4	189
16	16	125/2	0.5	5/8	5/8	4/4	2	2	1/8		1/8	1		6	66	F#4	4	194
16	16	125/2	1.0	5/8	5/8	4/4	2	1	1/4		1/4	1		1	67	G4	4	189
16	16	125/2	1.0	5/8	5/8	4/4	1	1	1/4		1/4	1		0	72	C5	5	180
16	16	125/2	0.5	5/8	5/8	4/4	1	2	1/8		1/8	1		6	78	F#5	5	184
16	16	125/2	1.0	5/8	5/8	4/4	1	1	1/4		1/4	1		1	79	G5	5	180
16	16	63	0.5	3/4	3/4	4/4	2	2	1/8		1/8	1		4	64	E4	4	195
16	16	63	0.5	3/4	3/4	4/4	1	2	1/8		1/8	1		4	76	E5	5	185
16	16	127/2	0.5	7/8	7/8	4/4	2	2	1/8		1/8	1		5	59	B3	3	196
16	16	127/2	0.5	7/8	7/8	4/4	2	2	1/8		1/8	1		9	63	D#4	4	196
16	16	127/2	0.5	7/8	7/8	4/4	2	1	1/8		1/8	1		3	69	A4	4	190
16	16	127/2	0.5	7/8	7/8	4/4	1	2	1/8		1/8	1		5	71	B4	4	186
16	16	127/2	0.5	7/8	7/8	4/4	1	2	1/8		1/8	1		9	75	D#5	5	186
16	16	127/2	0.5	7/8	7/8	4/4	1	1	1/8		1/8	1		3	81	A5	5	181
17	17	64	0.5	0	0	4/4	2	1	1/8		1/8	1		3	57	A3	3	203
17	17	64	0.5	0	0	4/4	2	1	1/8		1/8	1		7	61	C#4	4	203
17	17	64	0.5	0	0	4/4	2	1	1/8		1/8	1		2	62	D4	4	203
17	17	64	0.5	0	0	4/4	1	1	1/8		1/8	1		3	69	A4	4	197
17	17	64	0.5	0	0	4/4	1	1	1/8		1/8	1		7	73	C#5	5	197
17	17	64	0.5	0	0	4/4	1	1	1/8		1/8	1		2	74	D5	5	197
17	17	129/2	0.5	1/8	1/8	4/4	2	1	1/8		1/8	1		8	56	G#3	3	204
17	17	129/2	0.5	1/8	1/8	4/4	2	1	1/8		1/8	1		12	60	B#3	3	204
17	17	129/2	0.5	1/8	1/8	4/4	2	1	1/8		1/8	1		6	66	F#4	4	204
17	17	129/2	0.5	1/8	1/8	4/4	1	1	1/8		1/8	1		8	68	G#4	4	198
17	17	129/2	0.5	1/8	1/8	4/4	1	1	1/8		1/8	1		12	72	B#4	4	198
17	17	129/2	0.5	1/8	1/8	4/4	1	1	1/8		1/8	1		6	78	F#5	5	198
17	17	65	0.5	1/4	1/4	4/4	2	1	1/8		1/8	1		-1	53	F3	3	205
17	17	65	0.5	1/4	1/4	4/4	2	1	1/8		1/8	1		3	57	A3	3	205
17	17	65	0.5	1/4	1/4	4/4	2	1	1/8		1/8	1		5	59	B3	3	205
17	17	65	0.5	1/4	1/4	4/4	1	1	1/8		1/8	1		-1	65	F4	4	199
17	17	65	0.5	1/4	1/4	4/4	1	1	1/8		1/8	1		3	69	A4	4	199
17	17	65	0.5	1/4	1/4	4/4	1	1	1/8		1/8	1		5	71	B4	4	199
17	17	131/2	0.5	3/8	3/8	4/4	2	1	1/8		1/8	1		4	52	E3	3	206
17	17	131/2	0.5	3/8	3/8	4/4	2	1	1/8		1/8	1		8	56	G#3	3	206
17	17	131/2	0.5	3/8	3/8	4/4	2	1	1/8		1/8	1		2	62	D4	4	206
17	17	131/2	0.5	3/8	3/8	4/4	1	1	1/8		1/8	1		4	64	E4	4	200
17	17	131/2	0.5	3/8	3/8	4/4	1	1	1/8		1/8	1		8	68	G#4	4	200
17	17	131/2	0.5	3/8	3/8	4/4	1	1	1/8		1/8	1		2	74	D5	5	200
17	17	66	2.0	1/2	1/2	4/4	2	2	1/2		1/2	1	1	-3	51	Eb3	3	208
17	17	66	2.0	1/2	1/2	4/4	2	1	1/2		1/2	1	1	1	55	G3	3	207
17	17	66	2.0	1/2	1/2	4/4	2	1	1/2		1/2	1	1	3	57	A3	3	207
17	17	66	2.0	1/2	1/2	4/4	1	2	1/2		1/2	1	1	-3	63	Eb4	4	202
17	17	66	2.0	1/2	1/2	4/4	1	1	1/2		1/2	1	1	1	67	G4	4	201
17	17	66	2.0	1/2	1/2	4/4	1	1	1/2		1/2	1	1	3	69	A4	4	201
18	18	68	1.0	0	0	4/4	2	2	1/4		1/4	1	-1	-3	51	Eb3	3	218
18	18	68	2.0	0	0	4/4	2	1	1/2		1/2	1	-1	1	55	G3	3	216
18	18	68	2.0	0	0	4/4	2	1	1/2		1/2	1	-1	3	57	A3	3	216
18	18	68	1.0	0	0	4/4	1	2	1/4		1/4	1	-1	-3	63	Eb4	4	211
18	18	68	2.0	0	0	4/4	1	1	1/2		1/2	1	-1	1	67	G4	4	209
18	18	68	2.0	0	0	4/4	1	1	1/2		1/2	1	-1	3	69	A4	4	209
18	18	69	1.0	1/4	1/4	4/4	2	2	1/4		1/4	1		2	50	D3	3	219
18	18	69	1.0	1/4	1/4	4/4	1	2	1/4		1/4	1		2	62	D4	4	212
18	18	70	0.5	1/2	1/2	4/4	2	2	1/8		1/8	1		7	49	C#3	3	220
18	18	70	2.0	1/2	1/2	4/4	2	1	1/2		1/2	1		1	55	G3	3	217
18	18	70	2.0	1/2	1/2	4/4	2	1	1/2		1/2	1		3	57	A3	3	217
18	18	70	0.5	1/2	1/2	4/4	1	2	1/8		1/8	1		7	61	C#4	4	213
18	18	70	2.0	1/2	1/2	4/4	1	1	1/2		1/2	1	1	1	67	G4	4	210
18	18	70	2.0	1/2	1/2	4/4	1	1	1/2		1/2	1	1	3	69	A4	4	210
18	18	141/2	1.0	5/8	5/8	4/4	2	2	1/4		1/4	1		-1	53	F3	3	221
18	18	141/2	1.0	5/8	5/8	4/4	1	2	1/4		1/4	1		-1	65	F4	4	214
18	18	143/2	0.5	7/8	7/8	4/4	2	2	1/8		1/8	1		-3	51	Eb3	3	222
18	18	143/2	0.5	7/8	7/8	4/4	1	2	1/8		1/8	1		-3	63	Eb4	4	215
19	19	72	0.5	0	0	4/4	2	2	1/8		1/8	1		-3	51	Eb3	3	237
19	19	72	2.0	0	0	4/4	2	1	1/2		1/2	1		1	55	G3	3	232
19	19	72	2.0	0	0	4/4	2	1	1/2		1/2	1		3	57	A3	3	232
19	19	72	0.5	0	0	4/4	1	2	1/8		1/8	1		-3	63	Eb4	4	228
19	19	72	2.0	0	0	4/4	1	1	1/2		1/2	1	-1	1	67	G4	4	223
19	19	72	2.0	0	0	4/4	1	1	1/2		1/2	1	-1	3	69	A4	4	223
19	19	145/2	1.0	1/8	1/8	4/4	2	2	1/4		1/4	1		5	47	B2	2	238
19	19	145/2	1.0	1/8	1/8	4/4	1	2	1/4		1/4	1		5	59	B3	3	229
19	19	147/2	0.5	3/8	3/8	4/4	2	2	1/8		1/8	1		-3	51	Eb3	3	239
19	19	147/2	0.5	3/8	3/8	4/4	1	2	1/8		1/8	1		-3	63	Eb4	4	230
19	19	74	0.5	1/2	1/2	4/4	2	1	1/8		1/8	1		-1	53	F3	3	233
19	19	74	0.5	1/2	1/2	4/4	2	1	1/8		1/8	1		3	57	A3	3	233
19	19	74	0.5	1/2	1/2	4/4	2	1	1/8		1/8	1		5	59	B3	3	233
19	19	74	0.5	1/2	1/2	4/4	1	2	1/8		1/8	1		-1	65	F4	4	231
19	19	74	0.5	1/2	1/2	4/4	1	1	1/8		1/8	1		3	69	A4	4	224
19	19	74	0.5	1/2	1/2	4/4	1	1	1/8		1/8	1		5	71	B4	4	224
19	19	149/2	0.5	5/8	5/8	4/4	2	1	1/8		1/8	1		-4	56	Ab3	3	234
19	19	149/2	0.5	5/8	5/8	4/4	2	1	1/8		1/8	1		0	60	C4	4	234
19	19	149/2	0.5	5/8	5/8	4/4	2	1	1/8		1/8	1		2	62	D4	4	234
19	19	149/2	0.5	5/8	5/8	4/4	1	1	1/8		1/8	1		-4	68	Ab4	4	225
19	19	149/2	0.5	5/8	5/8	4/4	1	1	1/8		1/8	1		0	72	C5	5	225
19	19	149/2	0.5	5/8	5/8	4/4	1	1	1/8		1/8	1		2	74	D5	5	225
19	19	75	0.5	3/4	3/4	4/4	2	1	1/8		1/8	1		5	59	B3	3	235
19	19	75	0.5	3/4	3/4	4/4	2	1	1/8		1/8	1		9	63	D#4	4	235
19	19	75	0.5	3/4	3/4	4/4	2	1	1/8		1/8	1		11	65	E#4	4	235
19	19	75	0.5	3/4	3/4	4/4	1	1	1/8		1/8	1		5	71	B4	4	226
19	19	75	0.5	3/4	3/4	4/4	1	1	1/8		1/8	1		9	75	D#5	5	226
19	19	75	0.5	3/4	3/4	4/4	1	1	1/8		1/8	1		11	77	E#5	5	226
19	19	151/2	0.5	7/8	7/8	4/4	2	1	1/8		1/8	1		2	62	D4	4	236
19	19	151/2	0.5	7/8	7/8	4/4	2	1	1/8		1/8	1		6	66	F#4	4	236
19	19	151/2	0.5	7/8	7/8	4/4	2	1	1/8		1/8	1		8	68	G#4	4	236
19	19	151/2	0.5	7/8	7/8	4/4	1	1	1/8		1/8	1		2	74	D5	5	227
19	19	151/2	0.5	7/8	7/8	4/4	1	1	1/8		1/8	1		6	78	F#5	5	227
19	19	151/2	0.5	7/8	7/8	4/4	1	1	1/8		1/8	1		8	80	G#5	5	227
20	20	76	4.0	0	0	4/4	3	1	1		1	1		3	33	A1	1	247
20	20	76	4.0	0	0	4/4	3	1	1		1	1		4	40	E2	2	247
20	20	76	1.0	0	0	4/4	1	1	1/4		1/4	1		8	68	G#4	4	240
20	20	76	1.0	0	0	4/4	1	1	1/4		1/4	1		7	73	C#5	5	240
20	20	76	1.0	0	0	4/4	1	1	1/4		1/4	1		4	76	E5	5	240
20	20	76	1.0	0	0	4/4	1	1	1/4		1/4	1		8	80	G#5	5	240
20	20	77	1.0	1/4	1/4	4/4	2	1	1/4		1/4	1		6	54	F#3	3	244
20	20	77	1.0	1/4	1/4	4/4	2	1	1/4		1/4	1		3	57	A3	3	244
20	20	77	1.0	1/4	1/4	4/4	2	1	1/4		1/4	1		7	61	C#4	4	244
20	20	77	1.0	1/4	1/4	4/4	1	1	1/4		1/4	1		6	66	F#4	4	241
20	20	77	1.0	1/4	1/4	4/4	1	1	1/4		1/4	1		3	69	A4	4	241
20	20	77	1.0	1/4	1/4	4/4	1	1	1/4		1/4	1		7	73	C#5	5	241
20	20	77	1.0	1/4	1/4	4/4	1	1	1/4		1/4	1		6	78	F#5	5	241
20	20	78	1.0	1/2	1/2	4/4	2	1	1/4		1/4	1		2	50	D3	3	245
20	20	78	1.0	1/2	1/2	4/4	2	1	1/4		1/4	1		1	55	G3	3	245
20	20	78	1.0	1/2	1/2	4/4	2	1	1/4		1/4	1		5	59	B3	3	245
20	20	78	1.0	1/2	1/2	4/4	1	1	1/4		1/4	1		2	62	D4	4	242
20	20	78	1.0	1/2	1/2	4/4	1	1	1/4		1/4	1		1	67	G4	4	242
20	20	78	1.0	1/2	1/2	4/4	1	1	1/4		1/4	1		5	71	B4	4	242
20	20	78	1.0	1/2	1/2	4/4	1	1	1/4		1/4	1		2	74	D5	5	242
20	20	79	1.0	3/4	3/4	4/4	2	1	1/4		1/4	1		-3	51	Eb3	3	246
20	20	79	1.0	3/4	3/4	4/4	2	1	1/4		1/4	1		-4	56	Ab3	3	246
20	20	79	1.0	3/4	3/4	4/4	2	1	1/4		1/4	1		0	60	C4	4	246
20	20	79	1.0	3/4	3/4	4/4	1	1	1/4		1/4	1		-3	63	Eb4	4	243
20	20	79	1.0	3/4	3/4	4/4	1	1	1/4		1/4	1		-4	68	Ab4	4	243
20	20	79	1.0	3/4	3/4	4/4	1	1	1/4		1/4	1		7	73	C#5	5	243
20	20	79	1.0	3/4	3/4	4/4	1	1	1/4		1/4	1		-3	75	Eb5	5	243
21	21	80	4.0	0	0	4/4	3	1	1		1	1		3	33	A1	1	255
21	21	80	4.0	0	0	4/4	3	1	1		1	1		4	40	E2	2	255
21	21	80	1.0	0	0	4/4	1	1	1/4		1/4	1		8	68	G#4	4	248
21	21	80	1.0	0	0	4/4	1	1	1/4		1/4	1		7	73	C#5	5	248
21	21	80	1.0	0	0	4/4	1	1	1/4		1/4	1		4	76	E5	5	248
21	21	80	1.0	0	0	4/4	1	1	1/4		1/4	1		8	80	G#5	5	248
21	21	81	1.0	1/4	1/4	4/4	2	1	1/4		1/4	1		6	54	F#3	3	252
21	21	81	1.0	1/4	1/4	4/4	2	1	1/4		1/4	1		3	57	A3	3	252
21	21	81	1.0	1/4	1/4	4/4	2	1	1/4		1/4	1		7	61	C#4	4	252
21	21	81	1.0	1/4	1/4	4/4	1	1	1/4		1/4	1		6	66	F#4	4	249
21	21	81	1.0	1/4	1/4	4/4	1	1	1/4		1/4	1		3	69	A4	4	249
21	21	81	1.0	1/4	1/4	4/4	1	1	1/4		1/4	1		7	73	C#5	5	249
21	21	81	1.0	1/4	1/4	4/4	1	1	1/4		1/4	1		6	78	F#5	5	249
21	21	82	1.0	1/2	1/2	4/4	2	1	1/4		1/4	1		2	50	D3	3	253
21	21	82	1.0	1/2	1/2	4/4	2	1	1/4		1/4	1		1	55	G3	3	253
21	21	82	1.0	1/2	1/2	4/4	2	1	1/4		1/4	1		5	59	B3	3	253
21	21	82	1.0	1/2	1/2	4/4	1	1	1/4		1/4	1		2	62	D4	4	250
21	21	82	1.0	1/2	1/2	4/4	1	1	1/4		1/4	1		1	67	G4	4	250
21	21	82	1.0	1/2	1/2	4/4	1	1	1/4		1/4	1		5	71	B4	4	250
21	21	82	1.0	1/2	1/2	4/4	1	1	1/4		1/4	1		2	74	D5	5	250
21	21	83	1.0	3/4	3/4	4/4	2	1	1/4		1/4	1		-3	51	Eb3	3	254
21	21	83	1.0	3/4	3/4	4/4	2	1	1/4		1/4	1		-4	56	Ab3	3	254
21	21	83	1.0	3/4	3/4	4/4	2	1	1/4		1/4	1		0	60	C4	4	254
21	21	83	1.0	3/4	3/4	4/4	1	1	1/4		1/4	1		-3	63	Eb4	4	251
21	21	83	1.0	3/4	3/4	4/4	1	1	1/4		1/4	1		-4	68	Ab4	4	251
21	21	83	1.0	3/4	3/4	4/4	1	1	1/4		1/4	1		0	72	C5	5	251
21	21	83	1.0	3/4	3/4	4/4	1	1	1/4		1/4	1		-3	75	Eb5	5	251
22	22	84	2.0	0	0	4/4	2	1	1/2		1/2	1		4	52	E3	3	258
22	22	84	2.0	0	0	4/4	2	1	1/2		1/2	1		3	57	A3	3	258
22	22	84	2.0	0	0	4/4	2	1	1/2		1/2	1		7	61	C#4	4	258
22	22	84	2.0	0	0	4/4	2	1	1/2		1/2	1		4	64	E4	4	258
22	22	84	2.0	0	0	4/4	1	1	1/2		1/2	1		8	68	G#4	4	256
22	22	84	2.0	0	0	4/4	1	1	1/2		1/2	1		7	73	C#5	5	256
22	22	84	2.0	0	0	4/4	1	1	1/2		1/2	1		4	76	E5	5	256
22	22	84	2.0	0	0	4/4	1	1	1/2		1/2	1		8	80	G#5	5	256
22	22	85	1.0	1/4	1/4	4/4	3	1	1/4		1/4	1		3	33	A1	1	260
22	22	86	2.0	1/2	1/2	4/4	2	1	1/2		1/2	1		9	51	D#3	3	259
22	22	86	2.0	1/2	1/2	4/4	2	1	1/2		1/2	1		6	54	F#3	3	259
22	22	86	2.0	1/2	1/2	4/4	2	1	1/2		1/2	1		10	58	A#3	3	259
22	22	86	2.0	1/2	1/2	4/4	2	1	1/2		1/2	1		9	63	D#4	4	259
22	22	86	2.0	1/2	1/2	4/4	1	1	1/2		1/2	1		10	70	A#4	4	257
22	22	86	2.0	1/2	1/2	4/4	1	1	1/2		1/2	1		9	75	D#5	5	257
22	22	86	2.0	1/2	1/2	4/4	1	1	1/2		1/2	1		6	78	F#5	5	257
22	22	86	2.0	1/2	1/2	4/4	1	1	1/2		1/2	1		10	82	A#5	5	257
22	22	87	1.0	3/4	3/4	4/4	3	1	1/4		1/4	1		9	27	D#1	1	261
23	23	88	4.0	0	0	4/4	3	1	1		1	1		1	31	G1	1	269
23	23	88	4.0	0	0	4/4	3	1	1		1	1		2	38	D2	2	269
23	23	88	1.0	0	0	4/4	1	1	1/4		1/4	1		6	66	F#4	4	262
23	23	88	1.0	0	0	4/4	1	1	1/4		1/4	1		5	71	B4	4	262
23	23	88	1.0	0	0	4/4	1	1	1/4		1/4	1		2	74	D5	5	262
23	23	88	1.0	0	0	4/4	1	1	1/4		1/4	1		6	78	F#5	5	262
23	23	89	1.0	1/4	1/4	4/4	2	1	1/4		1/4	1		4	52	E3	3	266
23	23	89	1.0	1/4	1/4	4/4	2	1	1/4		1/4	1		1	55	G3	3	266
23	23	89	1.0	1/4	1/4	4/4	2	1	1/4		1/4	1		5	59	B3	3	266
23	23	89	1.0	1/4	1/4	4/4	1	1	1/4		1/4	1		4	64	E4	4	263
23	23	89	1.0	1/4	1/4	4/4	1	1	1/4		1/4	1		1	67	G4	4	263
23	23	89	1.0	1/4	1/4	4/4	1	1	1/4		1/4	1		5	71	B4	4	263
23	23	89	1.0	1/4	1/4	4/4	1	1	1/4		1/4	1		4	76	E5	5	263
23	23	90	1.0	1/2	1/2	4/4	2	1	1/4		1/4	1		0	48	C3	3	267
23	23	90	1.0	1/2	1/2	4/4	2	1	1/4		1/4	1		-1	53	F3	3	267
23	23	90	1.0	1/2	1/2	4/4	2	1	1/4		1/4	1		-4	56	Ab3	3	267
23	23	90	1.0	1/2	1/2	4/4	1	1	1/4		1/4	1		0	60	C4	4	264
23	23	90	1.0	1/2	1/2	4/4	1	1	1/4		1/4	1		-1	65	F4	4	264
23	23	90	1.0	1/2	1/2	4/4	1	1	1/4		1/4	1		-4	68	Ab4	4	264
23	23	90	1.0	1/2	1/2	4/4	1	1	1/4		1/4	1		0	72	C5	5	264
23	23	91	1.0	3/4	3/4	4/4	2	1	1/4		1/4	1		7	49	C#3	3	268
23	23	91	1.0	3/4	3/4	4/4	2	1	1/4		1/4	1		6	54	F#3	3	268
23	23	91	1.0	3/4	3/4	4/4	2	1	1/4		1/4	1		3	57	A3	3	268
23	23	91	1.0	3/4	3/4	4/4	1	1	1/4		1/4	1		7	61	C#4	4	265
23	23	91	1.0	3/4	3/4	4/4	1	1	1/4		1/4	1		6	66	F#4	4	265
23	23	91	1.0	3/4	3/4	4/4	1	1	1/4		1/4	1		3	69	A4	4	265
23	23	91	1.0	3/4	3/4	4/4	1	1	1/4		1/4	1		7	73	C#5	5	265
24	24	92	4.0	0	0	4/4	3	1	1		1	1		1	31	G1	1	277
24	24	92	4.0	0	0	4/4	3	1	1		1	1		2	38	D2	2	277
24	24	92	1.0	0	0	4/4	1	1	1/4		1/4	1		6	66	F#4	4	270
24	24	92	1.0	0	0	4/4	1	1	1/4		1/4	1		5	71	B4	4	270
24	24	92	1.0	0	0	4/4	1	1	1/4		1/4	1		2	74	D5	5	270
24	24	92	1.0	0	0	4/4	1	1	1/4		1/4	1		6	78	F#5	5	270
24	24	93	1.0	1/4	1/4	4/4	2	1	1/4		1/4	1		4	52	E3	3	274
24	24	93	1.0	1/4	1/4	4/4	2	1	1/4		1/4	1		1	55	G3	3	274
24	24	93	1.0	1/4	1/4	4/4	2	1	1/4		1/4	1		5	59	B3	3	274
24	24	93	1.0	1/4	1/4	4/4	1	1	1/4		1/4	1		4	64	E4	4	271
24	24	93	1.0	1/4	1/4	4/4	1	1	1/4		1/4	1		1	67	G4	4	271
24	24	93	1.0	1/4	1/4	4/4	1	1	1/4		1/4	1		5	71	B4	4	271
24	24	93	1.0	1/4	1/4	4/4	1	1	1/4		1/4	1		4	76	E5	5	271
24	24	94	1.0	1/2	1/2	4/4	2	1	1/4		1/4	1		0	48	C3	3	275
24	24	94	1.0	1/2	1/2	4/4	2	1	1/4		1/4	1		-1	53	F3	3	275
24	24	94	1.0	1/2	1/2	4/4	2	1	1/4		1/4	1		3	57	A3	3	275
24	24	94	1.0	1/2	1/2	4/4	1	1	1/4		1/4	1		0	60	C4	4	272
24	24	94	1.0	1/2	1/2	4/4	1	1	1/4		1/4	1		-1	65	F4	4	272
24	24	94	1.0	1/2	1/2	4/4	1	1	1/4		1/4	1		3	69	A4	4	272
24	24	94	1.0	1/2	1/2	4/4	1	1	1/4		1/4	1		0	72	C5	5	272
24	24	95	1.0	3/4	3/4	4/4	2	1	1/4		1/4	1		7	49	C#3	3	276
24	24	95	1.0	3/4	3/4	4/4	2	1	1/4		1/4	1		6	54	F#3	3	276
24	24	95	1.0	3/4	3/4	4/4	2	1	1/4		1/4	1		10	58	A#3	3	276
24	24	95	1.0	3/4	3/4	4/4	1	1	1/4		1/4	1		7	61	C#4	4	273
24	24	95	1.0	3/4	3/4	4/4	1	1	1/4		1/4	1		6	66	F#4	4	273
24	24	95	1.0	3/4	3/4	4/4	1	1	1/4		1/4	1		10	70	A#4	4	273
24	24	95	1.0	3/4	3/4	4/4	1	1	1/4		1/4	1		7	73	C#5	5	273
25	25	96	2.0	0	0	4/4	2	1	1/2		1/2	1		6	54	F#3	3	291
25	25	96	2.0	0	0	4/4	2	1	1/2		1/2	1		5	59	B3	3	291
25	25	96	2.0	0	0	4/4	2	1	1/2		1/2	1		9	63	D#4	4	291
25	25	96	2.0	0	0	4/4	2	1	1/2		1/2	1		6	66	F#4	4	291
25	25	96	2.0	0	0	4/4	1	2	1/2		1/2	1		5	71	B4	4	289
25	25	96	2.0	0	0	4/4	1	2	1/2		1/2	1		9	75	D#5	5	289
25	25	96	2.0	0	0	4/4	1	2	1/2		1/2	1		6	78	F#5	5	289
25	25	96	0.3333333333333333	0	0	4/4	1	1	1/12		1/8	2/3		5	83	B5	5	278
25	25	96	2.0	0	0	4/4	1	2	1/2		1/2	1		5	83	B5	5	289
25	25	289/3	0.3333333333333333	1/12	1/12	4/4	1	1	1/12		1/8	2/3		6	90	F#6	6	279
25	25	290/3	0.3333333333333333	1/6	1/6	4/4	1	1	1/12		1/8	2/3		6	90	F#6	6	280
25	25	97	1.0	1/4	1/4	4/4	3	1	1/4		1/4	1		5	35	B1	1	293
25	25	97	0.3333333333333333	1/4	1/4	4/4	1	1	1/12		1/8	2/3		6	90	F#6	6	281
25	25	292/3	0.3333333333333333	1/3	1/3	4/4	1	1	1/12		1/8	2/3		6	90	F#6	6	282
25	25	293/3	0.3333333333333333	5/12	5/12	4/4	1	1	1/12		1/8	2/3		4	88	E6	6	283
25	25	98	2.0	1/2	1/2	4/4	2	1	1/2		1/2	1		6	54	F#3	3	292
25	25	98	2.0	1/2	1/2	4/4	2	1	1/2		1/2	1		3	57	A3	3	292
25	25	98	2.0	1/2	1/2	4/4	2	1	1/2		1/2	1		7	61	C#4	4	292
25	25	98	2.0	1/2	1/2	4/4	2	1	1/2		1/2	1		6	66	F#4	4	292
25	25	98	2.0	1/2	1/2	4/4	1	2	1/2		1/2	1		3	69	A4	4	290
25	25	98	2.0	1/2	1/2	4/4	1	2	1/2		1/2	1		7	73	C#5	5	290
25	25	98	2.0	1/2	1/2	4/4	1	2	1/2		1/2	1		6	78	F#5	5	290
25	25	98	2.0	1/2	1/2	4/4	1	2	1/2		1/2	1		3	81	A5	5	290
25	25	98	0.3333333333333333	1/2	1/2	4/4	1	1	1/12		1/8	2/3		6	90	F#6	6	284
25	25	295/3	0.3333333333333333	7/12	7/12	4/4	1	1	1/12		1/8	2/3		8	92	G#6	6	285
25	25	296/3	0.3333333333333333	2/3	2/3	4/4	1	1	1/12		1/8	2/3	1	3	93	A6	6	286
25	25	99	1.0	3/4	3/4	4/4	3	1	1/4		1/4	1		6	30	F#1	1	294
25	25	99	0.5	3/4	3/4	4/4	1	1	1/8		1/8	1	-1	3	93	A6	6	287
25	25	199/2	0.5	7/8	7/8	4/4	1	1	1/8		1/8	1		8	92	G#6	6	288
26	26	100	2.0	0	0	4/4	2	1	1/2		1/2	1		6	54	F#3	3	304
26	26	100	2.0	0	0	4/4	2	1	1/2		1/2	1		5	59	B3	3	304
26	26	100	2.0	0	0	4/4	2	1	1/2		1/2	1		9	63	D#4	4	304
26	26	100	2.0	0	0	4/4	2	1	1/2		1/2	1		6	66	F#4	4	304
26	26	100	2.0	0	0	4/4	1	2	1/2		1/2	1		5	71	B4	4	302
26	26	100	2.0	0	0	4/4	1	2	1/2		1/2	1		9	75	D#5	5	302
26	26	100	2.0	0	0	4/4	1	2	1/2		1/2	1		6	78	F#5	5	302
26	26	100	2.0	0	0	4/4	1	2	1/2		1/2	1		5	83	B5	5	302
26	26	100	0.3333333333333333	0	0	4/4	1	1	1/12		1/8	2/3		6	90	F#6	6	295
26	26	301/3	0.3333333333333333	1/12	1/12	4/4	1	1	1/12		1/8	2/3		6	90	F#6	6	296
26	26	302/3	0.3333333333333333	1/6	1/6	4/4	1	1	1/12		1/8	2/3		8	92	G#6	6	297
26	26	101	1.0	1/4	1/4	4/4	3	1	1/4		1/4	1		5	35	B1	1	306
26	26	101	0.3333333333333333	1/4	1/4	4/4	1	1	1/12		1/8	2/3		6	90	F#6	6	298
26	26	304/3	0.3333333333333333	1/3	1/3	4/4	1	1	1/12		1/8	2/3		6	90	F#6	6	299
26	26	305/3	0.3333333333333333	5/12	5/12	4/4	1	1	1/12		1/8	2/3		4	88	E6	6	300
26	26	102	2.0	1/2	1/2	4/4	2	1	1/2		1/2	1		6	54	F#3	3	305
26	26	102	2.0	1/2	1/2	4/4	2	1	1/2		1/2	1		3	57	A3	3	305
26	26	102	2.0	1/2	1/2	4/4	2	1	1/2		1/2	1		7	61	C#4	4	305
26	26	102	2.0	1/2	1/2	4/4	2	1	1/2		1/2	1		6	66	F#4	4	305
26	26	102	2.0	1/2	1/2	4/4	1	2	1/2		1/2	1		3	69	A4	4	303
26	26	102	2.0	1/2	1/2	4/4	1	2	1/2		1/2	1		7	73	C#5	5	303
26	26	102	2.0	1/2	1/2	4/4	1	2	1/2		1/2	1		6	78	F#5	5	303
26	26	102	2.0	1/2	1/2	4/4	1	2	1/2		1/2	1		3	81	A5	5	303
26	26	102	2.0	1/2	1/2	4/4	1	1	1/2		1/2	1		6	90	F#6	6	301
26	26	103	1.0	3/4	3/4	4/4	3	1	1/4		1/4	1		6	30	F#1	1	307
27	27	104	4.0	0	0	4/4	2	1	1		1	1	1	6	54	F#3	3	321
27	27	104	4.0	0	0	4/4	2	1	1		1	1	1	10	58	A#3	3	321
27	27	104	4.0	0	0	4/4	2	1	1		1	1	1	9	63	D#4	4	321
27	27	104	4.0	0	0	4/4	1	2	1		1	1		6	66	F#4	4	320
27	27	104	4.0	0	0	4/4	1	2	1		1	1		10	70	A#4	4	320
27	27	104	4.0	0	0	4/4	1	2	1		1	1		9	75	D#5	5	320
27	27	104	4.0	0	0	4/4	1	2	1		1	1		6	78	F#5	5	320
27	27	104	0.3333333333333333	0	0	4/4	1	1	1/12		1/8	2/3		6	90	F#6	6	308
27	27	313/3	0.3333333333333333	1/12	1/12	4/4	1	1	1/12		1/8	2/3		9	87	D#6	6	309
27	27	314/3	0.3333333333333333	1/6	1/6	4/4	1	1	1/12		1/8	2/3		7	85	C#6	6	310
27	27	105	1.0	1/4	1/4	4/4	3	1	1/4		1/4	1		9	27	D#1	1	322
27	27	105	0.3333333333333333	1/4	1/4	4/4	1	1	1/12		1/8	2/3		9	87	D#6	6	311
27	27	316/3	0.3333333333333333	1/3	1/3	4/4	1	1	1/12		1/8	2/3		10	82	A#5	5	312
27	27	317/3	0.3333333333333333	5/12	5/12	4/4	1	1	1/12		1/8	2/3		8	80	G#5	5	313
27	27	106	1.0	1/2	1/2	4/4	3	1	1/4		1/4	1		9	39	D#2	2	323
27	27	106	0.3333333333333333	1/2	1/2	4/4	1	1	1/12		1/8	2/3		2	74	D5	5	314
27	27	319/3	0.3333333333333333	7/12	7/12	4/4	1	1	1/12		1/8	2/3		2	74	D5	5	315
27	27	320/3	0.3333333333333333	2/3	2/3	4/4	1	1	1/12		1/8	2/3		7	73	C#5	5	316
27	27	107	1.0	3/4	3/4	4/4	3	1	1/4		1/4	1		10	46	A#2	2	324
27	27	107	0.3333333333333333	3/4	3/4	4/4	1	1	1/12		1/8	2/3		2	74	D5	5	317
27	27	322/3	0.3333333333333333	5/6	5/6	4/4	1	1	1/12		1/8	2/3		3	69	A4	4	318
27	27	323/3	0.3333333333333333	11/12	11/12	4/4	1	1	1/12		1/8	2/3		8	68	G#4	4	319
28	28	108	1.0	0	0	4/4	3	1	1/4		1/4	1		9	51	D#3	3	338
28	28	108	4.0	0	0	4/4	2	1	1		1	1	-1	6	54	F#3	3	337
28	28	108	4.0	0	0	4/4	2	1	1		1	1	-1	10	58	A#3	3	337
28	28	108	0.3333333333333333	0	0	4/4	1	1	1/12		1/8	2/3		9	63	D#4	4	325
28	28	108	4.0	0	0	4/4	2	1	1		1	1	-1	9	63	D#4	4	337
28	28	325/3	0.3333333333333333	1/12	1/12	4/4	1	1	1/12		1/8	2/3		6	66	F#4	4	326
28	28	326/3	0.3333333333333333	1/6	1/6	4/4	1	1	1/12		1/8	2/3		8	68	G#4	4	327
28	28	109	1.0	1/4	1/4	4/4	3	1	1/4		1/4	1		10	58	A#3	3	339
28	28	109	0.3333333333333333	1/4	1/4	4/4	1	1	1/12		1/8	2/3		7	73	C#5	5	328
28	28	328/3	0.3333333333333333	1/3	1/3	4/4	1	1	1/12		1/8	2/3		10	70	A#4	4	329
28	28	329/3	0.3333333333333333	5/12	5/12	4/4	1	1	1/12		1/8	2/3		7	73	C#5	5	330
28	28	110	2.0	1/2	1/2	4/4	3	1	1/2		1/2	1		9	63	D#4	4	340
28	28	110	0.3333333333333333	1/2	1/2	4/4	1	1	1/12		1/8	2/3		6	78	F#5	5	331
28	28	331/3	0.3333333333333333	7/12	7/12	4/4	1	1	1/12		1/8	2/3		9	75	D#5	5	332
28	28	332/3	0.3333333333333333	2/3	2/3	4/4	1	1	1/12		1/8	2/3		9	75	D#5	5	333
28	28	111	0.3333333333333333	3/4	3/4	4/4	1	1	1/12		1/8	2/3		9	75	D#5	5	334
28	28	334/3	0.3333333333333333	5/6	5/6	4/4	1	1	1/12		1/8	2/3		6	78	F#5	5	335
28	28	335/3	0.3333333333333333	11/12	11/12	4/4	1	1	1/12		1/8	2/3		9	75	D#5	5	336
29	29	112	3.0	0	0	4/4	2	2	3/4		1/2	3/2		7	61	C#4	4	365
29	29	112	3.0	0	0	4/4	2	2	3/4		1/2	3/2		9	63	D#4	4	365
29	29	112	0.5	0	0	4/4	2	1	1/8		1/8	1		5	71	B4	4	357
29	29	112	0.3333333333333333	0	0	4/4	1	2	1/12		1/8	2/3		8	80	G#5	5	345
29	29	112	1.0	0	0	4/4	1	1	1/4		1/4	1		9	87	D#6	6	341
29	29	112	1.0	0	0	4/4	1	1	1/4		1/4	1		8	92	G#6	6	341
29	29	337/3	0.3333333333333333	1/12	1/12	4/4	1	2	1/12		1/8	2/3		6	78	F#5	5	346
29	29	225/2	0.5	1/8	1/8	4/4	2	1	1/8		1/8	1		3	69	A4	4	358
29	29	338/3	0.3333333333333333	1/6	1/6	4/4	1	2	1/12		1/8	2/3		6	78	F#5	5	347
29	29	113	0.5	1/4	1/4	4/4	2	1	1/8		1/8	1		6	66	F#4	4	359
29	29	113	0.3333333333333333	1/4	1/4	4/4	1	2	1/12		1/8	2/3		9	75	D#5	5	348
29	29	113	1.0	1/4	1/4	4/4	1	1	1/4		1/4	1		7	85	C#6	6	342
29	29	113	1.0	1/4	1/4	4/4	1	1	1/4		1/4	1		6	90	F#6	6	342
29	29	340/3	0.3333333333333333	1/3	1/3	4/4	1	2	1/12		1/8	2/3		6	78	F#5	5	349
29	29	227/2	0.5	3/8	3/8	4/4	2	1	1/8		1/8	1		3	69	A4	4	360
29	29	341/3	0.3333333333333333	5/12	5/12	4/4	1	2	1/12		1/8	2/3		6	78	F#5	5	350
29	29	114	0.5	1/2	1/2	4/4	2	1	1/8		1/8	1		5	71	B4	4	361
29	29	114	0.3333333333333333	1/2	1/2	4/4	1	2	1/12		1/8	2/3		8	80	G#5	5	351
29	29	114	1.0	1/2	1/2	4/4	1	1	1/4		1/4	1		9	87	D#6	6	343
29	29	343/3	0.3333333333333333	7/12	7/12	4/4	1	2	1/12		1/8	2/3		6	78	F#5	5	352
29	29	229/2	0.5	5/8	5/8	4/4	2	1	1/8		1/8	1		7	73	C#5	5	362
29	29	344/3	0.3333333333333333	2/3	2/3	4/4	1	2	1/12		1/8	2/3		6	78	F#5	5	353
29	29	115	1.0	3/4	3/4	4/4	2	2	1/4		1/4	1		6	66	F#4	4	366
29	29	115	1.0	3/4	3/4	4/4	2	2	1/4		1/4	1		3	69	A4	4	366
29	29	115	0.3333333333333333	3/4	3/4	4/4	1	2	1/12		1/8	2/3		9	75	D#5	5	354
29	29	115	0.5	3/4	3/4	4/4	2	1	1/8		1/8	1		4	76	E5	5	363
29	29	115	1.0	3/4	3/4	4/4	1	1	1/4		1/4	1		7	85	C#6	6	344
29	29	346/3	0.3333333333333333	5/6	5/6	4/4	1	2	1/12		1/8	2/3		6	78	F#5	5	355
29	29	231/2	0.5	7/8	7/8	4/4	2	1	1/8		1/8	1		7	73	C#5	5	364
29	29	347/3	0.3333333333333333	11/12	11/12	4/4	1	2	1/12		1/8	2/3		6	78	F#5	5	356
30	30	116	3.0	0	0	4/4	2	2	3/4		1/2	3/2		7	61	C#4	4	391
30	30	116	3.0	0	0	4/4	2	2	3/4		1/2	3/2		9	63	D#4	4	391
30	30	116	0.5	0	0	4/4	2	1	1/8		1/8	1		5	71	B4	4	383
30	30	116	0.3333333333333333	0	0	4/4	1	2	1/12		1/8	2/3		8	80	G#5	5	371
30	30	116	1.0	0	0	4/4	1	1	1/4		1/4	1		9	87	D#6	6	367
30	30	116	1.0	0	0	4/4	1	1	1/4		1/4	1		8	92	G#6	6	367
30	30	349/3	0.3333333333333333	1/12	1/12	4/4	1	2	1/12		1/8	2/3		6	78	F#5	5	372
30	30	233/2	0.5	1/8	1/8	4/4	2	1	1/8		1/8	1		3	69	A4	4	384
30	30	350/3	0.3333333333333333	1/6	1/6	4/4	1	2	1/12		1/8	2/3		6	78	F#5	5	373
30	30	117	0.5	1/4	1/4	4/4	2	1	1/8		1/8	1		6	66	F#4	4	385
30	30	117	0.3333333333333333	1/4	1/4	4/4	1	2	1/12		1/8	2/3		9	75	D#5	5	374
30	30	117	1.0	1/4	1/4	4/4	1	1	1/4		1/4	1		7	85	C#6	6	368
30	30	117	1.0	1/4	1/4	4/4	1	1	1/4		1/4	1		6	90	F#6	6	368
30	30	352/3	0.3333333333333333	1/3	1/3	4/4	1	2	1/12		1/8	2/3		6	78	F#5	5	375
30	30	235/2	0.5	3/8	3/8	4/4	2	1	1/8		1/8	1		3	69	A4	4	386
30	30	353/3	0.3333333333333333	5/12	5/12	4/4	1	2	1/12		1/8	2/3		6	78	F#5	5	376
30	30	118	0.5	1/2	1/2	4/4	2	1	1/8		1/8	1		5	71	B4	4	387
30	30	118	0.3333333333333333	1/2	1/2	4/4	1	2	1/12		1/8	2/3		8	80	G#5	5	377
30	30	118	1.0	1/2	1/2	4/4	1	1	1/4		1/4	1		9	87	D#6	6	369
30	30	355/3	0.3333333333333333	7/12	7/12	4/4	1	2	1/12		1/8	2/3		6	78	F#5	5	378
30	30	237/2	0.5	5/8	5/8	4/4	2	1	1/8		1/8	1		7	73	C#5	5	388
30	30	356/3	0.3333333333333333	2/3	2/3	4/4	1	2	1/12		1/8	2/3		6	78	F#5	5	379
30	30	119	1.0	3/4	3/4	4/4	2	2	1/4		1/4	1		6	66	F#4	4	392
30	30	119	1.0	3/4	3/4	4/4	2	2	1/4		1/4	1		3	69	A4	4	392
30	30	119	0.3333333333333333	3/4	3/4	4/4	1	2	1/12		1/8	2/3		9	75	D#5	5	380
30	30	119	0.5	3/4	3/4	4/4	2	1	1/8		1/8	1		4	76	E5	5	389
30	30	119	1.0	3/4	3/4	4/4	1	1	1/4		1/4	1		7	85	C#6	6	370
30	30	358/3	0.3333333333333333	5/6	5/6	4/4	1	2	1/12		1/8	2/3		6	78	F#5	5	381
30	30	239/2	0.5	7/8	7/8	4/4	2	1	1/8		1/8	1		7	73	C#5	5	390
30	30	359/3	0.3333333333333333	11/12	11/12	4/4	1	2	1/12		1/8	2/3		6	78	F#5	5	382
31	31	120	0.3333333333333333	0	0	4/4	3	1	1/12		1/8	2/3		8	56	G#3	3	405
31	31	120	0.3333333333333333	0	0	4/4	3	1	1/12		1/8	2/3		9	63	D#4	4	405
31	31	120	0.3333333333333333	0	0	4/4	2	1	1/12		1/8	2/3		8	68	G#4	4	393
31	31	120	0.3333333333333333	0	0	4/4	2	1	1/12		1/8	2/3		9	75	D#5	5	393
31	31	361/3	0.3333333333333333	1/12	1/12	4/4	3	1	1/12		1/8	2/3		3	57	A3	3	406
31	31	361/3	0.3333333333333333	1/12	1/12	4/4	3	1	1/12		1/8	2/3		4	64	E4	4	406
31	31	361/3	0.3333333333333333	1/12	1/12	4/4	2	1	1/12		1/8	2/3		3	69	A4	4	394
31	31	361/3	0.3333333333333333	1/12	1/12	4/4	2	1	1/12		1/8	2/3		4	76	E5	5	394
31	31	362/3	0.3333333333333333	1/6	1/6	4/4	3	1	1/12		1/8	2/3		10	58	A#3	3	407
31	31	362/3	0.3333333333333333	1/6	1/6	4/4	3	1	1/12		1/8	2/3		7	61	C#4	4	407
31	31	362/3	0.3333333333333333	1/6	1/6	4/4	2	1	1/12		1/8	2/3		10	70	A#4	4	395
31	31	362/3	0.3333333333333333	1/6	1/6	4/4	2	1	1/12		1/8	2/3		7	73	C#5	5	395
31	31	121	0.3333333333333333	1/4	1/4	4/4	3	1	1/12		1/8	2/3		5	59	B3	3	408
31	31	121	0.3333333333333333	1/4	1/4	4/4	3	1	1/12		1/8	2/3		6	66	F#4	4	408
31	31	121	0.3333333333333333	1/4	1/4	4/4	2	1	1/12		1/8	2/3		5	71	B4	4	396
31	31	121	0.3333333333333333	1/4	1/4	4/4	2	1	1/12		1/8	2/3		6	78	F#5	5	396
31	31	364/3	0.3333333333333333	1/3	1/3	4/4	3	1	1/12		1/8	2/3		12	60	B#3	3	409
31	31	364/3	0.3333333333333333	1/3	1/3	4/4	3	1	1/12		1/8	2/3		8	68	G#4	4	409
31	31	364/3	0.3333333333333333	1/3	1/3	4/4	2	1	1/12		1/8	2/3		12	72	B#4	4	397
31	31	364/3	0.3333333333333333	1/3	1/3	4/4	2	1	1/12		1/8	2/3		8	80	G#5	5	397
31	31	365/3	0.3333333333333333	5/12	5/12	4/4	3	1	1/12		1/8	2/3		7	61	C#4	4	410
31	31	365/3	0.3333333333333333	5/12	5/12	4/4	3	1	1/12		1/8	2/3		4	64	E4	4	410
31	31	365/3	0.3333333333333333	5/12	5/12	4/4	2	1	1/12		1/8	2/3		7	73	C#5	5	398
31	31	365/3	0.3333333333333333	5/12	5/12	4/4	2	1	1/12		1/8	2/3		4	76	E5	5	398
31	31	122	0.3333333333333333	1/2	1/2	4/4	3	1	1/12		1/8	2/3		14	62	C##4	4	411
31	31	122	0.3333333333333333	1/2	1/2	4/4	3	1	1/12		1/8	2/3		8	68	G#4	4	411
31	31	122	0.3333333333333333	1/2	1/2	4/4	2	1	1/12		1/8	2/3		14	74	C##5	5	399
31	31	122	0.3333333333333333	1/2	1/2	4/4	2	1	1/12		1/8	2/3		8	80	G#5	5	399
31	31	367/3	0.3333333333333333	7/12	7/12	4/4	3	1	1/12		1/8	2/3		9	63	D#4	4	412
31	31	367/3	0.3333333333333333	7/12	7/12	4/4	3	1	1/12		1/8	2/3		11	65	E#4	4	412
31	31	367/3	0.3333333333333333	7/12	7/12	4/4	2	1	1/12		1/8	2/3		9	75	D#5	5	400
31	31	367/3	0.3333333333333333	7/12	7/12	4/4	2	1	1/12		1/8	2/3		11	77	E#5	5	400
31	31	368/3	0.3333333333333333	2/3	2/3	4/4	3	1	1/12		1/8	2/3		14	62	C##4	4	413
31	31	368/3	0.3333333333333333	2/3	2/3	4/4	3	1	1/12		1/8	2/3		8	68	G#4	4	413
31	31	368/3	0.3333333333333333	2/3	2/3	4/4	2	1	1/12		1/8	2/3		14	74	C##5	5	401
31	31	368/3	0.3333333333333333	2/3	2/3	4/4	2	1	1/12		1/8	2/3		8	80	G#5	5	401
31	31	123	0.3333333333333333	3/4	3/4	4/4	3	1	1/12		1/8	2/3		9	63	D#4	4	414
31	31	123	0.3333333333333333	3/4	3/4	4/4	3	1	1/12		1/8	2/3		11	65	E#4	4	414
31	31	123	0.3333333333333333	3/4	3/4	4/4	2	1	1/12		1/8	2/3		9	75	D#5	5	402
31	31	123	0.3333333333333333	3/4	3/4	4/4	2	1	1/12		1/8	2/3		11	77	E#5	5	402
31	31	370/3	0.3333333333333333	5/6	5/6	4/4	3	1	1/12		1/8	2/3		14	62	C##4	4	415
31	31	370/3	0.3333333333333333	5/6	5/6	4/4	3	1	1/12		1/8	2/3		8	68	G#4	4	415
31	31	370/3	0.3333333333333333	5/6	5/6	4/4	2	1	1/12		1/8	2/3		14	74	C##5	5	403
31	31	370/3	0.3333333333333333	5/6	5/6	4/4	2	1	1/12		1/8	2/3		8	80	G#5	5	403
31	31	371/3	0.3333333333333333	11/12	11/12	4/4	3	1	1/12		1/8	2/3		9	63	D#4	4	416
31	31	371/3	0.3333333333333333	11/12	11/12	4/4	3	1	1/12		1/8	2/3		11	65	E#4	4	416
31	31	371/3	0.3333333333333333	11/12	11/12	4/4	2	1	1/12		1/8	2/3		9	75	D#5	5	404
31	31	371/3	0.3333333333333333	11/12	11/12	4/4	2	1	1/12		1/8	2/3		11	77	E#5	5	404
32	32	124	0.3333333333333333	0	0	4/4	3	2	1/12		1/8	2/3		14	62	C##4	4	441
32	32	124	0.6666666666666666	0	0	4/4	3	1	1/6		1/4	2/3		8	68	G#4	4	435
32	32	124	0.3333333333333333	0	0	4/4	2	2	1/12		1/8	2/3		14	74	C##5	5	423
32	32	124	0.6666666666666666	0	0	4/4	2	1	1/6		1/4	2/3		8	80	G#5	5	417
32	32	373/3	0.3333333333333333	1/12	1/12	4/4	3	2	1/12		1/8	2/3		9	63	D#4	4	442
32	32	373/3	0.3333333333333333	1/12	1/12	4/4	3	2	1/12		1/8	2/3		11	65	E#4	4	442
32	32	373/3	0.3333333333333333	1/12	1/12	4/4	2	2	1/12		1/8	2/3		9	75	D#5	5	424
32	32	373/3	0.3333333333333333	1/12	1/12	4/4	2	2	1/12		1/8	2/3		11	77	E#5	5	424
32	32	374/3	0.3333333333333333	1/6	1/6	4/4	3	2	1/12		1/8	2/3		14	62	C##4	4	443
32	32	374/3	0.6666666666666666	1/6	1/6	4/4	3	1	1/6		1/4	2/3		7	73	C#5	5	436
32	32	374/3	0.3333333333333333	1/6	1/6	4/4	2	2	1/12		1/8	2/3		14	74	C##5	5	425
32	32	374/3	0.6666666666666666	1/6	1/6	4/4	2	1	1/6		1/4	2/3		7	85	C#6	6	418
32	32	125	0.3333333333333333	1/4	1/4	4/4	3	2	1/12		1/8	2/3		9	63	D#4	4	444
32	32	125	0.3333333333333333	1/4	1/4	4/4	3	2	1/12		1/8	2/3		11	65	E#4	4	444
32	32	125	0.3333333333333333	1/4	1/4	4/4	2	2	1/12		1/8	2/3		9	75	D#5	5	426
32	32	125	0.3333333333333333	1/4	1/4	4/4	2	2	1/12		1/8	2/3		11	77	E#5	5	426
32	32	376/3	0.3333333333333333	1/3	1/3	4/4	3	2	1/12		1/8	2/3		14	62	C##4	4	445
32	32	376/3	0.6666666666666666	1/3	1/3	4/4	3	1	1/6		1/4	2/3		5	71	B4	4	437
32	32	376/3	0.3333333333333333	1/3	1/3	4/4	2	2	1/12		1/8	2/3		14	74	C##5	5	427
32	32	376/3	0.6666666666666666	1/3	1/3	4/4	2	1	1/6		1/4	2/3		5	83	B5	5	419
32	32	377/3	0.3333333333333333	5/12	5/12	4/4	3	2	1/12		1/8	2/3		9	63	D#4	4	446
32	32	377/3	0.3333333333333333	5/12	5/12	4/4	3	2	1/12		1/8	2/3		11	65	E#4	4	446
32	32	377/3	0.3333333333333333	5/12	5/12	4/4	2	2	1/12		1/8	2/3		9	75	D#5	5	428
32	32	377/3	0.3333333333333333	5/12	5/12	4/4	2	2	1/12		1/8	2/3		11	77	E#5	5	428
32	32	126	0.3333333333333333	1/2	1/2	4/4	3	2	1/12		1/8	2/3		14	62	C##4	4	447
32	32	126	0.6666666666666666	1/2	1/2	4/4	3	1	1/6		1/4	2/3		10	70	A#4	4	438
32	32	126	0.3333333333333333	1/2	1/2	4/4	2	2	1/12		1/8	2/3		14	74	C##5	5	429
32	32	126	0.6666666666666666	1/2	1/2	4/4	2	1	1/6		1/4	2/3		10	82	A#5	5	420
32	32	379/3	0.3333333333333333	7/12	7/12	4/4	3	2	1/12		1/8	2/3		9	63	D#4	4	448
32	32	379/3	0.3333333333333333	7/12	7/12	4/4	3	2	1/12		1/8	2/3		11	65	E#4	4	448
32	32	379/3	0.3333333333333333	7/12	7/12	4/4	2	2	1/12		1/8	2/3		9	75	D#5	5	430
32	32	379/3	0.3333333333333333	7/12	7/12	4/4	2	2	1/12		1/8	2/3		11	77	E#5	5	430
32	32	380/3	0.3333333333333333	2/3	2/3	4/4	3	2	1/12		1/8	2/3		14	62	C##4	4	449
32	32	380/3	0.6666666666666666	2/3	2/3	4/4	3	1	1/6		1/4	2/3		8	68	G#4	4	439
32	32	380/3	0.3333333333333333	2/3	2/3	4/4	2	2	1/12		1/8	2/3		14	74	C##5	5	431
32	32	380/3	0.6666666666666666	2/3	2/3	4/4	2	1	1/6		1/4	2/3		8	80	G#5	5	421
32	32	127	0.3333333333333333	3/4	3/4	4/4	3	2	1/12		1/8	2/3		9	63	D#4	4	450
32	32	127	0.3333333333333333	3/4	3/4	4/4	3	2	1/12		1/8	2/3		11	65	E#4	4	450
32	32	127	0.3333333333333333	3/4	3/4	4/4	2	2	1/12		1/8	2/3		9	75	D#5	5	432
32	32	127	0.3333333333333333	3/4	3/4	4/4	2	2	1/12		1/8	2/3		11	77	E#5	5	432
32	32	382/3	0.3333333333333333	5/6	5/6	4/4	3	2	1/12		1/8	2/3		14	62	C##4	4	451
32	32	382/3	0.6666666666666666	5/6	5/6	4/4	3	1	1/6		1/4	2/3		5	71	B4	4	440
32	32	382/3	0.3333333333333333	5/6	5/6	4/4	2	2	1/12		1/8	2/3		14	74	C##5	5	433
32	32	382/3	0.6666666666666666	5/6	5/6	4/4	2	1	1/6		1/4	2/3		5	83	B5	5	422
32	32	383/3	0.3333333333333333	11/12	11/12	4/4	3	2	1/12		1/8	2/3		9	63	D#4	4	452
32	32	383/3	0.3333333333333333	11/12	11/12	4/4	3	2	1/12		1/8	2/3		11	65	E#4	4	452
32	32	383/3	0.3333333333333333	11/12	11/12	4/4	2	2	1/12		1/8	2/3		9	75	D#5	5	434
32	32	383/3	0.3333333333333333	11/12	11/12	4/4	2	2	1/12		1/8	2/3		11	77	E#5	5	434
33	33	128	0.3333333333333333	0	0	4/4	3	2	1/12		1/8	2/3		14	62	C##4	4	475
33	33	128	1.0	0	0	4/4	3	1	1/4		1/4	1		8	68	G#4	4	470
33	33	128	0.3333333333333333	0	0	4/4	2	1	1/12		1/8	2/3		14	74	C##5	5	458
33	33	128	1.0	0	0	4/4	1	1	1/4		1/4	1		8	80	G#5	5	453
33	33	385/3	0.3333333333333333	1/12	1/12	4/4	3	2	1/12		1/8	2/3		9	63	D#4	4	476
33	33	385/3	0.3333333333333333	1/12	1/12	4/4	3	2	1/12		1/8	2/3		11	65	E#4	4	476
33	33	385/3	0.3333333333333333	1/12	1/12	4/4	2	1	1/12		1/8	2/3		9	75	D#5	5	459
33	33	385/3	0.3333333333333333	1/12	1/12	4/4	2	1	1/12		1/8	2/3		11	77	E#5	5	459
33	33	386/3	0.3333333333333333	1/6	1/6	4/4	3	2	1/12		1/8	2/3		14	62	C##4	4	477
33	33	386/3	0.3333333333333333	1/6	1/6	4/4	2	1	1/12		1/8	2/3		14	74	C##5	5	460
33	33	129	0.3333333333333333	1/4	1/4	4/4	3	2	1/12		1/8	2/3		9	63	D#4	4	478
33	33	129	0.3333333333333333	1/4	1/4	4/4	3	2	1/12		1/8	2/3		11	65	E#4	4	478
33	33	129	1.0	1/4	1/4	4/4	3	1	1/4		1/4	1	1	11	65	E#4	4	471
33	33	129	0.3333333333333333	1/4	1/4	4/4	2	1	1/12		1/8	2/3		9	75	D#5	5	461
33	33	129	0.3333333333333333	1/4	1/4	4/4	2	1	1/12		1/8	2/3		11	77	E#5	5	461
33	33	129	1.0	1/4	1/4	4/4	1	1	1/4		1/4	1	1	11	77	E#5	5	454
33	33	388/3	0.3333333333333333	1/3	1/3	4/4	3	2	1/12		1/8	2/3		2	62	D4	4	479
33	33	388/3	0.3333333333333333	1/3	1/3	4/4	2	1	1/12		1/8	2/3		2	74	D5	5	462
33	33	389/3	0.3333333333333333	5/12	5/12	4/4	3	2	1/12		1/8	2/3		7	61	C#4	4	480
33	33	389/3	0.3333333333333333	5/12	5/12	4/4	2	1	1/12		1/8	2/3		7	73	C#5	5	463
33	33	130	0.3333333333333333	1/2	1/2	4/4	3	2	1/12		1/8	2/3		5	59	B3	3	481
33	33	130	0.6666666666666666	1/2	1/2	4/4	3	1	1/6		1/4	2/3	-1	11	65	E#4	4	472
33	33	130	0.3333333333333333	1/2	1/2	4/4	2	1	1/12		1/8	2/3		5	71	B4	4	464
33	33	130	0.6666666666666666	1/2	1/2	4/4	1	1	1/6		1/4	2/3	-1	11	77	E#5	5	455
33	33	391/3	0.3333333333333333	7/12	7/12	4/4	3	2	1/12		1/8	2/3		7	61	C#4	4	482
33	33	391/3	0.3333333333333333	7/12	7/12	4/4	3	2	1/12		1/8	2/3		9	63	D#4	4	482
33	33	391/3	0.3333333333333333	7/12	7/12	4/4	2	1	1/12		1/8	2/3		7	73	C#5	5	465
33	33	391/3	0.3333333333333333	7/12	7/12	4/4	2	1	1/12		1/8	2/3		9	75	D#5	5	465
33	33	392/3	0.3333333333333333	2/3	2/3	4/4	3	2	1/12		1/8	2/3		5	59	B3	3	483
33	33	392/3	0.6666666666666666	2/3	2/3	4/4	3	1	1/6		1/4	2/3		10	70	A#4	4	473
33	33	392/3	0.3333333333333333	2/3	2/3	4/4	2	1	1/12		1/8	2/3		5	71	B4	4	466
33	33	392/3	0.6666666666666666	2/3	2/3	4/4	1	1	1/6		1/4	2/3		10	82	A#5	5	456
33	33	131	0.3333333333333333	3/4	3/4	4/4	3	2	1/12		1/8	2/3		7	61	C#4	4	484
33	33	131	0.3333333333333333	3/4	3/4	4/4	3	2	1/12		1/8	2/3		9	63	D#4	4	484
33	33	131	0.3333333333333333	3/4	3/4	4/4	2	1	1/12		1/8	2/3		7	73	C#5	5	467
33	33	131	0.3333333333333333	3/4	3/4	4/4	2	1	1/12		1/8	2/3		9	75	D#5	5	467
33	33	394/3	0.3333333333333333	5/6	5/6	4/4	3	2	1/12		1/8	2/3		5	59	B3	3	485
33	33	394/3	0.6666666666666666	5/6	5/6	4/4	3	1	1/6		1/4	2/3		8	68	G#4	4	474
33	33	394/3	0.3333333333333333	5/6	5/6	4/4	2	1	1/12		1/8	2/3		5	71	B4	4	468
33	33	394/3	0.6666666666666666	5/6	5/6	4/4	1	1	1/6		1/4	2/3		8	80	G#5	5	457
33	33	395/3	0.3333333333333333	11/12	11/12	4/4	3	2	1/12		1/8	2/3		7	61	C#4	4	486
33	33	395/3	0.3333333333333333	11/12	11/12	4/4	3	2	1/12		1/8	2/3		9	63	D#4	4	486
33	33	395/3	0.3333333333333333	11/12	11/12	4/4	2	1	1/12		1/8	2/3		7	73	C#5	5	469
33	33	395/3	0.3333333333333333	11/12	11/12	4/4	2	1	1/12		1/8	2/3		9	75	D#5	5	469
34	34	132	0.3333333333333333	0	0	4/4	3	2	1/12		1/8	2/3		5	59	B3	3	509
34	34	132	0.6666666666666666	0	0	4/4	3	1	1/6		1/4	2/3		6	66	F#4	4	504
34	34	132	0.3333333333333333	0	0	4/4	2	2	1/12		1/8	2/3		5	71	B4	4	492
34	34	132	0.6666666666666666	0	0	4/4	2	1	1/6		1/4	2/3		6	78	F#5	5	487
34	34	397/3	0.3333333333333333	1/12	1/12	4/4	3	2	1/12		1/8	2/3		7	61	C#4	4	510
34	34	397/3	0.3333333333333333	1/12	1/12	4/4	3	2	1/12		1/8	2/3		9	63	D#4	4	510
34	34	397/3	0.3333333333333333	1/12	1/12	4/4	2	2	1/12		1/8	2/3		7	73	C#5	5	493
34	34	397/3	0.3333333333333333	1/12	1/12	4/4	2	2	1/12		1/8	2/3		9	75	D#5	5	493
34	34	398/3	0.3333333333333333	1/6	1/6	4/4	3	2	1/12		1/8	2/3		5	59	B3	3	511
34	34	398/3	0.6666666666666666	1/6	1/6	4/4	3	1	1/6		1/4	2/3		11	65	E#4	4	505
34	34	398/3	0.3333333333333333	1/6	1/6	4/4	2	2	1/12		1/8	2/3		5	71	B4	4	494
34	34	398/3	0.6666666666666666	1/6	1/6	4/4	2	1	1/6		1/4	2/3		11	77	E#5	5	488
34	34	133	0.3333333333333333	1/4	1/4	4/4	3	2	1/12		1/8	2/3		7	61	C#4	4	512
34	34	133	0.3333333333333333	1/4	1/4	4/4	3	2	1/12		1/8	2/3		9	63	D#4	4	512
34	34	133	0.3333333333333333	1/4	1/4	4/4	2	2	1/12		1/8	2/3		7	73	C#5	5	495
34	34	133	0.3333333333333333	1/4	1/4	4/4	2	2	1/12		1/8	2/3		9	75	D#5	5	495
34	34	400/3	0.3333333333333333	1/3	1/3	4/4	3	2	1/12		1/8	2/3		5	59	B3	3	513
34	34	400/3	0.6666666666666666	1/3	1/3	4/4	3	1	1/6		1/4	2/3		8	68	G#4	4	506
34	34	400/3	0.3333333333333333	1/3	1/3	4/4	2	2	1/12		1/8	2/3		5	71	B4	4	496
34	34	400/3	0.6666666666666666	1/3	1/3	4/4	2	1	1/6		1/4	2/3		8	80	G#5	5	489
34	34	401/3	0.3333333333333333	5/12	5/12	4/4	3	2	1/12		1/8	2/3		7	61	C#4	4	514
34	34	401/3	0.3333333333333333	5/12	5/12	4/4	3	2	1/12		1/8	2/3		9	63	D#4	4	514
34	34	401/3	0.3333333333333333	5/12	5/12	4/4	2	2	1/12		1/8	2/3		7	73	C#5	5	497
34	34	401/3	0.3333333333333333	5/12	5/12	4/4	2	2	1/12		1/8	2/3		9	75	D#5	5	497
34	34	134	0.3333333333333333	1/2	1/2	4/4	3	2	1/12		1/8	2/3		5	59	B3	3	515
34	34	134	1.0	1/2	1/2	4/4	3	1	1/4		1/4	1	1	11	65	E#4	4	507
34	34	134	0.3333333333333333	1/2	1/2	4/4	2	2	1/12		1/8	2/3		5	71	B4	4	498
34	34	134	1.0	1/2	1/2	4/4	2	1	1/4		1/4	1	1	11	77	E#5	5	490
34	34	403/3	0.3333333333333333	7/12	7/12	4/4	3	2	1/12		1/8	2/3		7	61	C#4	4	516
34	34	403/3	0.3333333333333333	7/12	7/12	4/4	3	2	1/12		1/8	2/3		9	63	D#4	4	516
34	34	403/3	0.3333333333333333	7/12	7/12	4/4	2	2	1/12		1/8	2/3		7	73	C#5	5	499
34	34	403/3	0.3333333333333333	7/12	7/12	4/4	2	2	1/12		1/8	2/3		9	75	D#5	5	499
34	34	404/3	0.3333333333333333	2/3	2/3	4/4	3	2	1/12		1/8	2/3		5	59	B3	3	517
34	34	404/3	0.3333333333333333	2/3	2/3	4/4	2	2	1/12		1/8	2/3		5	71	B4	4	500
34	34	135	0.3333333333333333	3/4	3/4	4/4	3	2	1/12		1/8	2/3		7	61	C#4	4	518
34	34	135	0.3333333333333333	3/4	3/4	4/4	3	2	1/12		1/8	2/3		9	63	D#4	4	518
34	34	135	0.5	3/4	3/4	4/4	3	1	1/8		1/8	1	-1	11	65	E#4	4	508
34	34	135	0.3333333333333333	3/4	3/4	4/4	2	2	1/12		1/8	2/3		7	73	C#5	5	501
34	34	135	0.3333333333333333	3/4	3/4	4/4	2	2	1/12		1/8	2/3		9	75	D#5	5	501
34	34	135	0.5	3/4	3/4	4/4	2	1	1/8		1/8	1	-1	11	77	E#5	5	491
34	34	406/3	0.3333333333333333	5/6	5/6	4/4	3	2	1/12		1/8	2/3		5	59	B3	3	519
34	34	406/3	0.3333333333333333	5/6	5/6	4/4	2	2	1/12		1/8	2/3		5	71	B4	4	502
34	34	407/3	0.3333333333333333	11/12	11/12	4/4	3	2	1/12		1/8	2/3		-2	58	Bb3	3	520
34	34	407/3	0.3333333333333333	11/12	11/12	4/4	2	2	1/12		1/8	2/3		-2	70	Bb4	4	503
35	35	136	2.0	0	0	4/4	3	1	1/2		1/2	1		3	57	A3	3	531
35	35	136	1.0	0	0	4/4	3	2	1/4		1/4	1		9	63	D#4	4	534
35	35	136	2.0	0	0	4/4	3	1	1/2		1/2	1	1	4	64	E4	4	531
35	35	136	2.0	0	0	4/4	2	1	1/2		1/2	1		3	69	A4	4	521
35	35	136	1.0	0	0	4/4	2	2	1/4		1/4	1		9	75	D#5	5	524
35	35	136	2.0	0	0	4/4	2	1	1/2		1/2	1	1	4	76	E5	5	521
35	35	137	1.0	1/4	1/4	4/4	3	2	1/4		1/4	1	1	7	61	C#4	4	535
35	35	137	1.0	1/4	1/4	4/4	2	2	1/4		1/4	1	1	7	73	C#5	5	525
35	35	138	0.5	1/2	1/2	4/4	3	2	1/8		1/8	1		3	57	A3	3	536
35	35	138	0.5	1/2	1/2	4/4	3	2	1/8		1/8	1	-1	7	61	C#4	4	536
35	35	138	1.0	1/2	1/2	4/4	3	1	1/4		1/4	1	-1	4	64	E4	4	532
35	35	138	0.5	1/2	1/2	4/4	2	2	1/8		1/8	1		3	69	A4	4	526
35	35	138	0.5	1/2	1/2	4/4	2	2	1/8		1/8	1	-1	7	73	C#5	5	526
35	35	138	1.0	1/2	1/2	4/4	2	1	1/4		1/4	1	-1	4	76	E5	5	522
35	35	277/2	1.0	5/8	5/8	4/4	3	3	1/4		1/4	1		9	63	D#4	4	540
35	35	277/2	0.5	5/8	5/8	4/4	3	2	1/8		1/8	1		8	68	G#4	4	537
35	35	277/2	1.0	5/8	5/8	4/4	3	3	1/4		1/4	1		3	69	A4	4	540
35	35	277/2	1.0	5/8	5/8	4/4	2	3	1/4		1/4	1		9	75	D#5	5	530
35	35	277/2	0.5	5/8	5/8	4/4	2	2	1/8		1/8	1		8	80	G#5	5	527
35	35	277/2	1.0	5/8	5/8	4/4	2	3	1/4		1/4	1		3	81	A5	5	530
35	35	139	0.5	3/4	3/4	4/4	3	2	1/8		1/8	1		6	66	F#4	4	538
35	35	139	0.5	3/4	3/4	4/4	2	2	1/8		1/8	1		6	78	F#5	5	528
35	35	279/2	0.5	7/8	7/8	4/4	3	2	1/8		1/8	1		7	61	C#4	4	539
35	35	279/2	0.5	7/8	7/8	4/4	3	2	1/8		1/8	1		11	65	E#4	4	539
35	35	279/2	0.5	7/8	7/8	4/4	3	1	1/8		1/8	1		5	71	B4	4	533
35	35	279/2	0.5	7/8	7/8	4/4	2	2	1/8		1/8	1		7	73	C#5	5	529
35	35	279/2	0.5	7/8	7/8	4/4	2	2	1/8		1/8	1		11	77	E#5	5	529
35	35	279/2	0.5	7/8	7/8	4/4	2	1	1/8		1/8	1		5	83	B5	5	523
36	36	140	0.5	0	0	4/4	3	1	1/8		1/8	1		5	59	B3	3	547
36	36	140	0.5	0	0	4/4	3	1	1/8		1/8	1		9	63	D#4	4	547
36	36	140	0.5	0	0	4/4	3	1	1/8		1/8	1		4	64	E4	4	547
36	36	140	0.5	0	0	4/4	1	1	1/8		1/8	1		5	71	B4	4	541
36	36	140	0.5	0	0	4/4	1	1	1/8		1/8	1		9	75	D#5	5	541
36	36	140	0.5	0	0	4/4	1	1	1/8		1/8	1		4	76	E5	5	541
36	36	281/2	0.5	1/8	1/8	4/4	3	1	1/8		1/8	1		-2	58	Bb3	3	548
36	36	281/2	0.5	1/8	1/8	4/4	3	1	1/8		1/8	1		2	62	D4	4	548
36	36	281/2	0.5	1/8	1/8	4/4	3	1	1/8		1/8	1		-4	68	Ab4	4	548
36	36	281/2	0.5	1/8	1/8	4/4	1	1	1/8		1/8	1		-2	70	Bb4	4	542
36	36	281/2	0.5	1/8	1/8	4/4	1	1	1/8		1/8	1		2	74	D5	5	542
36	36	281/2	0.5	1/8	1/8	4/4	1	1	1/8		1/8	1		-4	80	Ab5	5	542
36	36	141	0.5	1/4	1/4	4/4	3	1	1/8		1/8	1		1	55	G3	3	549
36	36	141	0.5	1/4	1/4	4/4	3	1	1/8		1/8	1		5	59	B3	3	549
36	36	141	0.5	1/4	1/4	4/4	3	1	1/8		1/8	1		7	61	C#4	4	549
36	36	141	0.5	1/4	1/4	4/4	1	1	1/8		1/8	1		1	67	G4	4	543
36	36	141	0.5	1/4	1/4	4/4	1	1	1/8		1/8	1		5	71	B4	4	543
36	36	141	0.5	1/4	1/4	4/4	1	1	1/8		1/8	1		7	73	C#5	5	543
36	36	283/2	0.5	3/8	3/8	4/4	3	1	1/8		1/8	1		6	54	F#3	3	550
36	36	283/2	0.5	3/8	3/8	4/4	3	1	1/8		1/8	1		10	58	A#3	3	550
36	36	283/2	0.5	3/8	3/8	4/4	3	1	1/8		1/8	1		4	64	E4	4	550
36	36	283/2	0.5	3/8	3/8	4/4	1	1	1/8		1/8	1		6	66	F#4	4	544
36	36	283/2	0.5	3/8	3/8	4/4	1	1	1/8		1/8	1		10	70	A#4	4	544
36	36	283/2	0.5	3/8	3/8	4/4	1	1	1/8		1/8	1		4	76	E5	5	544
36	36	142	2.0	1/2	1/2	4/4	3	2	1/2		1/2	1	1	-1	53	F3	3	552
36	36	142	2.0	1/2	1/2	4/4	3	1	1/2		1/2	1	1	3	57	A3	3	551
36	36	142	2.0	1/2	1/2	4/4	3	1	1/2		1/2	1	1	5	59	B3	3	551
36	36	142	2.0	1/2	1/2	4/4	2	1	1/2		1/2	1	1	-1	65	F4	4	546
36	36	142	2.0	1/2	1/2	4/4	1	1	1/2		1/2	1	1	3	69	A4	4	545
36	36	142	2.0	1/2	1/2	4/4	1	1	1/2		1/2	1	1	5	71	B4	4	545
37	37	144	1.0	0	0	4/4	3	2	1/4		1/4	1	-1	-1	53	F3	3	562
37	37	144	2.0	0	0	4/4	3	1	1/2		1/2	1	-1	3	57	A3	3	560
37	37	144	2.0	0	0	4/4	3	1	1/2		1/2	1	-1	5	59	B3	3	560
37	37	144	1.0	0	0	4/4	2	1	1/4		1/4	1	-1	-1	65	F4	4	555
37	37	144	2.0	0	0	4/4	1	1	1/2		1/2	1	-1	3	69	A4	4	553
37	37	144	2.0	0	0	4/4	1	1	1/2		1/2	1	-1	5	71	B4	4	553
37	37	145	1.0	1/4	1/4	4/4	3	2	1/4		1/4	1		4	52	E3	3	563
37	37	145	1.0	1/4	1/4	4/4	2	1	1/4		1/4	1		4	64	E4	4	556
37	37	146	0.5	1/2	1/2	4/4	3	2	1/8		1/8	1		9	51	D#3	3	564
37	37	146	2.0	1/2	1/2	4/4	3	1	1/2		1/2	1	1	3	57	A3	3	561
37	37	146	2.0	1/2	1/2	4/4	3	1	1/2		1/2	1	1	5	59	B3	3	561
37	37	146	0.5	1/2	1/2	4/4	2	1	1/8		1/8	1		9	63	D#4	4	557
37	37	146	2.0	1/2	1/2	4/4	1	1	1/2		1/2	1	1	3	69	A4	4	554
37	37	146	2.0	1/2	1/2	4/4	1	1	1/2		1/2	1	1	5	71	B4	4	554
37	37	293/2	1.0	5/8	5/8	4/4	3	2	1/4		1/4	1		1	55	G3	3	565
37	37	293/2	1.0	5/8	5/8	4/4	2	1	1/4		1/4	1		1	67	G4	4	558
37	37	295/2	0.5	7/8	7/8	4/4	3	2	1/8		1/8	1		6	54	F#3	3	566
37	37	295/2	0.5	7/8	7/8	4/4	2	1	1/8		1/8	1		6	66	F#4	4	559
38	38	148	0.5	0	0	4/4	3	2	1/8		1/8	1		-1	53	F3	3	580
38	38	148	2.0	0	0	4/4	3	1	1/2		1/2	1	-1	3	57	A3	3	575
38	38	148	2.0	0	0	4/4	3	1	1/2		1/2	1	-1	5	59	B3	3	575
38	38	148	0.5	0	0	4/4	2	1	1/8		1/8	1		-1	65	F4	4	572
38	38	148	2.0	0	0	4/4	1	1	1/2		1/2	1	-1	3	69	A4	4	567
38	38	148	2.0	0	0	4/4	1	1	1/2		1/2	1	-1	5	71	B4	4	567
38	38	297/2	1.0	1/8	1/8	4/4	3	2	1/4		1/4	1		7	49	C#3	3	581
38	38	297/2	1.0	1/8	1/8	4/4	2	1	1/4		1/4	1		7	61	C#4	4	573
38	38	299/2	0.5	3/8	3/8	4/4	3	2	1/8		1/8	1		-1	53	F3	3	582
38	38	299/2	0.5	3/8	3/8	4/4	2	1	1/8		1/8	1		-1	65	F4	4	574
38	38	150	0.5	1/2	1/2	4/4	3	1	1/8		1/8	1		1	55	G3	3	576
38	38	150	0.5	1/2	1/2	4/4	3	1	1/8		1/8	1		5	59	B3	3	576
38	38	150	0.5	1/2	1/2	4/4	3	1	1/8		1/8	1		7	61	C#4	4	576
38	38	150	0.5	1/2	1/2	4/4	1	1	1/8		1/8	1		1	67	G4	4	568
38	38	150	0.5	1/2	1/2	4/4	1	1	1/8		1/8	1		5	71	B4	4	568
38	38	150	0.5	1/2	1/2	4/4	1	1	1/8		1/8	1		7	73	C#5	5	568
38	38	301/2	0.5	5/8	5/8	4/4	3	1	1/8		1/8	1		-2	58	Bb3	3	577
38	38	301/2	0.5	5/8	5/8	4/4	3	1	1/8		1/8	1		2	62	D4	4	577
38	38	301/2	0.5	5/8	5/8	4/4	3	1	1/8		1/8	1		4	64	E4	4	577
38	38	301/2	0.5	5/8	5/8	4/4	1	1	1/8		1/8	1		-2	70	Bb4	4	569
38	38	301/2	0.5	5/8	5/8	4/4	1	1	1/8		1/8	1		2	74	D5	5	569
38	38	301/2	0.5	5/8	5/8	4/4	1	1	1/8		1/8	1		4	76	E5	5	569
38	38	151	0.5	3/4	3/4	4/4	3	1	1/8		1/8	1		-5	61	Db4	4	578
38	38	151	0.5	3/4	3/4	4/4	3	1	1/8		1/8	1		-1	65	F4	4	578
38	38	151	0.5	3/4	3/4	4/4	3	1	1/8		1/8	1		1	67	G4	4	578
38	38	151	0.5	3/4	3/4	4/4	1	1	1/8		1/8	1		-5	73	Db5	5	570
38	38	151	0.5	3/4	3/4	4/4	1	1	1/8		1/8	1		-1	77	F5	5	570
38	38	151	0.5	3/4	3/4	4/4	1	1	1/8		1/8	1		1	79	G5	5	570
38	38	303/2	0.5	7/8	7/8	4/4	3	1	1/8		1/8	1		4	64	E4	4	579
38	38	303/2	0.5	7/8	7/8	4/4	3	1	1/8		1/8	1		-4	68	Ab4	4	579
38	38	303/2	0.5	7/8	7/8	4/4	3	1	1/8		1/8	1		-2	70	Bb4	4	579
38	38	303/2	0.5	7/8	7/8	4/4	1	1	1/8		1/8	1		4	76	E5	5	571
38	38	303/2	0.5	7/8	7/8	4/4	1	1	1/8		1/8	1		-4	80	Ab5	5	571
38	38	303/2	0.5	7/8	7/8	4/4	1	1	1/8		1/8	1		-2	82	Bb5	5	571
39	39	152	0.25	0	0	4/4	3	2	1/16		1/16	1		-1	53	F3	3	591
39	39	152	1.0	0	0	4/4	3	1	1/4		1/4	1		-1	53	F3	3	589
39	39	152	1.0	0	0	4/4	3	1	1/4		1/4	1		1	55	G3	3	589
39	39	609/4	0.25	1/16	1/16	4/4	3	2	1/16		1/16	1		0	48	C3	3	592
39	39	305/2	0.25	1/8	1/8	4/4	3	2	1/16		1/16	1		-1	41	F2	2	593
39	39	611/4	0.25	3/16	3/16	4/4	3	2	1/16		1/16	1	1	-2	34	Bb1	1	594
39	39	153	3.0	1/4	1/4	4/4	3	1	3/4		1/2	3/2	-1	-2	34	Bb1	1	590
39	39	153	1.0	1/4	1/4	4/4	2	1	1/4		1/4	1		3	57	A3	3	586
39	39	153	1.0	1/4	1/4	4/4	2	1	1/4		1/4	1		2	62	D4	4	586
39	39	153	1.0	1/4	1/4	4/4	2	1	1/4		1/4	1		6	66	F#4	4	586
39	39	153	1.0	1/4	1/4	4/4	2	1	1/4		1/4	1		3	69	A4	4	586
39	39	153	1.0	1/4	1/4	4/4	1	1	1/4		1/4	1		2	74	D5	5	583
39	39	153	1.0	1/4	1/4	4/4	1	1	1/4		1/4	1		6	78	F#5	5	583
39	39	153	1.0	1/4	1/4	4/4	1	1	1/4		1/4	1		3	81	A5	5	583
39	39	153	1.0	1/4	1/4	4/4	1	1	1/4		1/4	1		2	86	D6	6	583
39	39	154	1.0	1/2	1/2	4/4	2	1	1/4		1/4	1		-1	53	F3	3	587
39	39	154	1.0	1/2	1/2	4/4	2	1	1/4		1/4	1		-2	58	Bb3	3	587
39	39	154	1.0	1/2	1/2	4/4	2	1	1/4		1/4	1		-5	61	Db4	4	587
39	39	154	1.0	1/2	1/2	4/4	2	1	1/4		1/4	1		-1	65	F4	4	587
39	39	154	1.0	1/2	1/2	4/4	1	1	1/4		1/4	1		-2	70	Bb4	4	584
39	39	154	1.0	1/2	1/2	4/4	1	1	1/4		1/4	1		-5	73	Db5	5	584
39	39	154	1.0	1/2	1/2	4/4	1	1	1/4		1/4	1		-1	77	F5	5	584
39	39	154	1.0	1/2	1/2	4/4	1	1	1/4		1/4	1		-2	82	Bb5	5	584
39	39	155	1.0	3/4	3/4	4/4	2	1	1/4		1/4	1		6	54	F#3	3	588
39	39	155	1.0	3/4	3/4	4/4	2	1	1/4		1/4	1		5	59	B3	3	588
39	39	155	1.0	3/4	3/4	4/4	2	1	1/4		1/4	1		9	63	D#4	4	588
39	39	155	1.0	3/4	3/4	4/4	2	1	1/4		1/4	1		6	66	F#4	4	588
39	39	155	1.0	3/4	3/4	4/4	1	1	1/4		1/4	1		5	71	B4	4	585
39	39	155	1.0	3/4	3/4	4/4	1	1	1/4		1/4	1		9	75	D#5	5	585
39	39	155	1.0	3/4	3/4	4/4	1	1	1/4		1/4	1		6	78	F#5	5	585
39	39	155	1.0	3/4	3/4	4/4	1	1	1/4		1/4	1		5	83	B5	5	585
40	40	156	0.25	0	0	4/4	3	2	1/16		1/16	1		-1	53	F3	3	603
40	40	156	1.0	0	0	4/4	3	1	1/4		1/4	1		-1	53	F3	3	601
40	40	156	1.0	0	0	4/4	3	1	1/4		1/4	1		1	55	G3	3	601
40	40	625/4	0.25	1/16	1/16	4/4	3	2	1/16		1/16	1		0	48	C3	3	604
40	40	313/2	0.25	1/8	1/8	4/4	3	2	1/16		1/16	1		-1	41	F2	2	605
40	40	627/4	0.25	3/16	3/16	4/4	3	2	1/16		1/16	1	1	-2	34	Bb1	1	606
40	40	157	3.0	1/4	1/4	4/4	3	1	3/4		1/2	3/2	-1	-2	34	Bb1	1	602
40	40	157	1.0	1/4	1/4	4/4	2	1	1/4		1/4	1		3	57	A3	3	598
40	40	157	1.0	1/4	1/4	4/4	2	1	1/4		1/4	1		2	62	D4	4	598
40	40	157	1.0	1/4	1/4	4/4	2	1	1/4		1/4	1		6	66	F#4	4	598
40	40	157	1.0	1/4	1/4	4/4	2	1	1/4		1/4	1		3	69	A4	4	598
40	40	157	1.0	1/4	1/4	4/4	1	1	1/4		1/4	1		2	74	D5	5	595
40	40	157	1.0	1/4	1/4	4/4	1	1	1/4		1/4	1		6	78	F#5	5	595
40	40	157	1.0	1/4	1/4	4/4	1	1	1/4		1/4	1		3	81	A5	5	595
40	40	157	1.0	1/4	1/4	4/4	1	1	1/4		1/4	1		2	86	D6	6	595
40	40	158	1.0	1/2	1/2	4/4	2	1	1/4		1/4	1		0	60	C4	4	599
40	40	158	1.0	1/2	1/2	4/4	2	1	1/4		1/4	1		-1	65	F4	4	599
40	40	158	1.0	1/2	1/2	4/4	2	1	1/4		1/4	1		3	69	A4	4	599
40	40	158	1.0	1/2	1/2	4/4	2	1	1/4		1/4	1		0	72	C5	5	599
40	40	158	1.0	1/2	1/2	4/4	1	1	1/4		1/4	1		-1	77	F5	5	596
40	40	158	1.0	1/2	1/2	4/4	1	1	1/4		1/4	1		3	81	A5	5	596
40	40	158	1.0	1/2	1/2	4/4	1	1	1/4		1/4	1		0	84	C6	6	596
40	40	158	1.0	1/2	1/2	4/4	1	1	1/4		1/4	1		-1	89	F6	6	596
40	40	159	1.0	3/4	3/4	4/4	2	1	1/4		1/4	1		9	63	D#4	4	600
40	40	159	1.0	3/4	3/4	4/4	2	1	1/4		1/4	1		8	68	G#4	4	600
40	40	159	1.0	3/4	3/4	4/4	2	1	1/4		1/4	1		12	72	B#4	4	600
40	40	159	1.0	3/4	3/4	4/4	2	1	1/4		1/4	1		9	75	D#5	5	600
40	40	159	1.0	3/4	3/4	4/4	1	1	1/4		1/4	1		8	80	G#5	5	597
40	40	159	1.0	3/4	3/4	4/4	1	1	1/4		1/4	1		12	84	B#5	5	597
40	40	159	1.0	3/4	3/4	4/4	1	1	1/4		1/4	1		9	87	D#6	6	597
40	40	159	1.0	3/4	3/4	4/4	1	1	1/4		1/4	1		8	92	G#6	6	597
41	41	160	0.3333333333333333	0	0	4/4	3	2	1/12		1/8	2/3		2	26	D1	1	617
41	41	160	4.0	0	0	4/4	3	1	1		1	1		2	26	D1	1	616
41	41	160	0.5	0	0	4/4	1	2	1/8		1/8	1		5	83	B5	5	608
41	41	160	4.0	0	0	4/4	1	1	1		1	1		5	83	B5	5	607
41	41	160	4.0	0	0	4/4	1	1	1		1	1		6	90	F#6	6	607
41	41	160	4.0	0	0	4/4	1	1	1		1	1		5	95	B6	6	607
41	41	481/3	0.3333333333333333	1/12	1/12	4/4	3	2	1/12		1/8	2/3		2	38	D2	2	618
41	41	321/2	0.5	1/8	1/8	4/4	1	2	1/8		1/8	1		3	81	A5	5	609
41	41	482/3	0.3333333333333333	1/6	1/6	4/4	3	2	1/12		1/8	2/3		3	45	A2	2	619
41	41	161	0.3333333333333333	1/4	1/4	4/4	3	2	1/12		1/8	2/3		2	50	D3	3	620
41	41	161	0.5	1/4	1/4	4/4	1	2	1/8		1/8	1		6	78	F#5	5	610
41	41	484/3	0.3333333333333333	1/3	1/3	4/4	3	2	1/12		1/8	2/3		3	57	A3	3	621
41	41	323/2	0.5	3/8	3/8	4/4	1	2	1/8		1/8	1		3	69	A4	4	611
41	41	485/3	0.3333333333333333	5/12	5/12	4/4	3	2	1/12		1/8	2/3		2	62	D4	4	622
41	41	162	0.3333333333333333	1/2	1/2	4/4	3	2	1/12		1/8	2/3		6	66	F#4	4	623
41	41	162	0.5	1/2	1/2	4/4	1	2	1/8		1/8	1		5	71	B4	4	612
41	41	487/3	0.3333333333333333	7/12	7/12	4/4	3	2	1/12		1/8	2/3		3	69	A4	4	624
41	41	325/2	0.5	5/8	5/8	4/4	1	2	1/8		1/8	1		7	73	C#5	5	613
41	41	488/3	0.3333333333333333	2/3	2/3	4/4	3	2	1/12		1/8	2/3		6	78	F#5	5	625
41	41	163	0.5	3/4	3/4	4/4	1	2	1/8		1/8	1		4	76	E5	5	614
41	41	163	0.3333333333333333	3/4	3/4	4/4	3	2	1/12		1/8	2/3		3	81	A5	5	626
41	41	490/3	0.3333333333333333	5/6	5/6	4/4	3	2	1/12		1/8	2/3		6	78	F#5	5	627
41	41	327/2	0.5	7/8	7/8	4/4	1	2	1/8		1/8	1		7	73	C#5	5	615
41	41	491/3	0.3333333333333333	11/12	11/12	4/4	3	2	1/12		1/8	2/3		3	81	A5	5	628
42	42	164	1.0	0	0	4/4	1	1	1/4		1/4	1		5	59	B3	3	629
42	42	493/3	0.3333333333333333	1/12	1/12	4/4	2	1	1/12		1/8	2/3		3	57	A3	3	631
42	42	494/3	0.3333333333333333	1/6	1/6	4/4	2	1	1/12		1/8	2/3		6	54	F#3	3	632
42	42	165	2.0	1/4	1/4	4/4	1	1	1/2		1/2	1		7	61	C#4	4	630
42	42	496/3	0.3333333333333333	1/3	1/3	4/4	2	1	1/12		1/8	2/3		6	66	F#4	4	633
42	42	497/3	0.3333333333333333	5/12	5/12	4/4	2	1	1/12		1/8	2/3		3	69	A4	4	634
42	42	499/3	0.3333333333333333	7/12	7/12	4/4	2	1	1/12		1/8	2/3		3	57	A3	3	635
42	42	500/3	0.3333333333333333	2/3	2/3	4/4	2	1	1/12		1/8	2/3		6	54	F#3	3	636
42	42	502/3	0.3333333333333333	5/6	5/6	4/4	2	1	1/12		1/8	2/3		3	57	A3	3	637
42	42	503/3	0.3333333333333333	11/12	11/12	4/4	2	1	1/12		1/8	2/3		6	54	F#3	3	638
43	43	168	0.25	0	0	4/4	3	2	1/16		1/16	1		-1	53	F3	3	647
43	43	168	1.0	0	0	4/4	3	1	1/4		1/4	1		-1	53	F3	3	645
43	43	168	1.0	0	0	4/4	3	1	1/4		1/4	1		1	55	G3	3	645
43	43	673/4	0.25	1/16	1/16	4/4	3	2	1/16		1/16	1		0	48	C3	3	648
43	43	337/2	0.25	1/8	1/8	4/4	3	2	1/16		1/16	1		-1	41	F2	2	649
43	43	675/4	0.25	3/16	3/16	4/4	3	2	1/16		1/16	1	1	-2	34	Bb1	1	650
43	43	169	3.0	1/4	1/4	4/4	3	1	3/4		1/2	3/2	-1	-2	34	Bb1	1	646
43	43	169	1.0	1/4	1/4	4/4	2	1	1/4		1/4	1		3	57	A3	3	642
43	43	169	1.0	1/4	1/4	4/4	2	1	1/4		1/4	1		2	62	D4	4	642
43	43	169	1.0	1/4	1/4	4/4	2	1	1/4		1/4	1		6	66	F#4	4	642
43	43	169	1.0	1/4	1/4	4/4	2	1	1/4		1/4	1		3	69	A4	4	642
43	43	169	1.0	1/4	1/4	4/4	1	1	1/4		1/4	1		2	74	D5	5	639
43	43	169	1.0	1/4	1/4	4/4	1	1	1/4		1/4	1		6	78	F#5	5	639
43	43	169	1.0	1/4	1/4	4/4	1	1	1/4		1/4	1		3	81	A5	5	639
43	43	169	1.0	1/4	1/4	4/4	1	1	1/4		1/4	1		2	86	D6	6	639
43	43	170	1.0	1/2	1/2	4/4	2	1	1/4		1/4	1		-1	53	F3	3	643
43	43	170	1.0	1/2	1/2	4/4	2	1	1/4		1/4	1		-2	58	Bb3	3	643
43	43	170	1.0	1/2	1/2	4/4	2	1	1/4		1/4	1		-5	61	Db4	4	643
43	43	170	1.0	1/2	1/2	4/4	2	1	1/4		1/4	1		-1	65	F4	4	643
43	43	170	1.0	1/2	1/2	4/4	1	1	1/4		1/4	1		-2	70	Bb4	4	640
43	43	170	1.0	1/2	1/2	4/4	1	1	1/4		1/4	1		-5	73	Db5	5	640
43	43	170	1.0	1/2	1/2	4/4	1	1	1/4		1/4	1		-1	77	F5	5	640
43	43	170	1.0	1/2	1/2	4/4	1	1	1/4		1/4	1		-2	82	Bb5	5	640
43	43	171	1.0	3/4	3/4	4/4	2	1	1/4		1/4	1		6	54	F#3	3	644
43	43	171	1.0	3/4	3/4	4/4	2	1	1/4		1/4	1		5	59	B3	3	644
43	43	171	1.0	3/4	3/4	4/4	2	1	1/4		1/4	1		9	63	D#4	4	644
43	43	171	1.0	3/4	3/4	4/4	2	1	1/4		1/4	1		6	66	F#4	4	644
43	43	171	1.0	3/4	3/4	4/4	1	1	1/4		1/4	1		5	71	B4	4	641
43	43	171	1.0	3/4	3/4	4/4	1	1	1/4		1/4	1		9	75	D#5	5	641
43	43	171	1.0	3/4	3/4	4/4	1	1	1/4		1/4	1		6	78	F#5	5	641
43	43	171	1.0	3/4	3/4	4/4	1	1	1/4		1/4	1		5	83	B5	5	641
44	44	172	0.25	0	0	4/4	3	2	1/16		1/16	1		-1	53	F3	3	659
44	44	172	1.0	0	0	4/4	3	1	1/4		1/4	1		-1	53	F3	3	657
44	44	172	1.0	0	0	4/4	3	1	1/4		1/4	1		1	55	G3	3	657
44	44	689/4	0.25	1/16	1/16	4/4	3	2	1/16		1/16	1		0	48	C3	3	660
44	44	345/2	0.25	1/8	1/8	4/4	3	2	1/16		1/16	1		-1	41	F2	2	661
44	44	691/4	0.25	3/16	3/16	4/4	3	2	1/16		1/16	1	1	-2	34	Bb1	1	662
44	44	173	3.0	1/4	1/4	4/4	3	1	3/4		1/2	3/2	-1	-2	34	Bb1	1	658
44	44	173	1.0	1/4	1/4	4/4	2	1	1/4		1/4	1		3	57	A3	3	654
44	44	173	1.0	1/4	1/4	4/4	2	1	1/4		1/4	1		2	62	D4	4	654
44	44	173	1.0	1/4	1/4	4/4	2	1	1/4		1/4	1		6	66	F#4	4	654
44	44	173	1.0	1/4	1/4	4/4	2	1	1/4		1/4	1		3	69	A4	4	654
44	44	173	1.0	1/4	1/4	4/4	1	1	1/4		1/4	1		2	74	D5	5	651
44	44	173	1.0	1/4	1/4	4/4	1	1	1/4		1/4	1		6	78	F#5	5	651
44	44	173	1.0	1/4	1/4	4/4	1	1	1/4		1/4	1		3	81	A5	5	651
44	44	173	1.0	1/4	1/4	4/4	1	1	1/4		1/4	1		2	86	D6	6	651
44	44	174	1.0	1/2	1/2	4/4	2	1	1/4		1/4	1		0	60	C4	4	655
44	44	174	1.0	1/2	1/2	4/4	2	1	1/4		1/4	1		-1	65	F4	4	655
44	44	174	1.0	1/2	1/2	4/4	2	1	1/4		1/4	1		3	69	A4	4	655
44	44	174	1.0	1/2	1/2	4/4	2	1	1/4		1/4	1		0	72	C5	5	655
44	44	174	1.0	1/2	1/2	4/4	1	1	1/4		1/4	1		-1	77	F5	5	652
44	44	174	1.0	1/2	1/2	4/4	1	1	1/4		1/4	1		3	81	A5	5	652
44	44	174	1.0	1/2	1/2	4/4	1	1	1/4		1/4	1		0	84	C6	6	652
44	44	174	1.0	1/2	1/2	4/4	1	1	1/4		1/4	1		-1	89	F6	6	652
44	44	175	1.0	3/4	3/4	4/4	2	1	1/4		1/4	1	1	9	63	D#4	4	656
44	44	175	1.0	3/4	3/4	4/4	2	1	1/4		1/4	1	1	8	68	G#4	4	656
44	44	175	1.0	3/4	3/4	4/4	2	1	1/4		1/4	1	1	5	71	B4	4	656
44	44	175	1.0	3/4	3/4	4/4	2	1	1/4		1/4	1	1	9	75	D#5	5	656
44	44	175	1.0	3/4	3/4	4/4	1	1	1/4		1/4	1	1	8	80	G#5	5	653
44	44	175	1.0	3/4	3/4	4/4	1	1	1/4		1/4	1	1	5	83	B5	5	653
44	44	175	1.0	3/4	3/4	4/4	1	1	1/4		1/4	1	1	9	87	D#6	6	653
44	44	175	1.0	3/4	3/4	4/4	1	1	1/4		1/4	1	1	8	92	G#6	6	653
45	45	176	2.0	0	0	4/4	2	1	1/2		1/2	1	-1	9	63	D#4	4	667
45	45	176	2.0	0	0	4/4	2	1	1/2		1/2	1	-1	8	68	G#4	4	667
45	45	176	2.0	0	0	4/4	2	1	1/2		1/2	1	-1	5	71	B4	4	667
45	45	176	2.0	0	0	4/4	2	1	1/2		1/2	1	-1	9	75	D#5	5	667
45	45	176	2.0	0	0	4/4	1	1	1/2		1/2	1	-1	8	80	G#5	5	663
45	45	176	2.0	0	0	4/4	1	1	1/2		1/2	1	-1	5	83	B5	5	663
45	45	176	2.0	0	0	4/4	1	1	1/2		1/2	1	-1	9	87	D#6	6	663
45	45	176	2.0	0	0	4/4	1	1	1/2		1/2	1	-1	8	92	G#6	6	663
45	45	177	1.0	1/4	1/4	4/4	3	1	1/4		1/4	1		8	56	G#3	3	670
45	45	177	1.0	1/4	1/4	4/4	3	1	1/4		1/4	1		7	61	C#4	4	670
45	45	177	1.0	1/4	1/4	4/4	3	1	1/4		1/4	1		9	63	D#4	4	670
45	45	177	1.0	1/4	1/4	4/4	1	2	1/4		1/4	1		8	68	G#4	4	665
45	45	177	1.0	1/4	1/4	4/4	1	2	1/4		1/4	1		7	73	C#5	5	665
45	45	177	1.0	1/4	1/4	4/4	1	2	1/4		1/4	1		9	75	D#5	5	665
45	45	178	2.0	1/2	1/2	4/4	2	1	1/2		1/2	1		9	63	D#4	4	668
45	45	178	2.0	1/2	1/2	4/4	2	1	1/2		1/2	1		8	68	G#4	4	668
45	45	178	2.0	1/2	1/2	4/4	2	1	1/2		1/2	1		5	71	B4	4	668
45	45	178	2.0	1/2	1/2	4/4	2	1	1/2		1/2	1		9	75	D#5	5	668
45	45	178	2.0	1/2	1/2	4/4	1	1	1/2		1/2	1		8	80	G#5	5	664
45	45	178	2.0	1/2	1/2	4/4	1	1	1/2		1/2	1		5	83	B5	5	664
45	45	178	2.0	1/2	1/2	4/4	1	1	1/2		1/2	1		9	87	D#6	6	664
45	45	178	2.0	1/2	1/2	4/4	1	1	1/2		1/2	1		8	92	G#6	6	664
45	45	179	1.0	3/4	3/4	4/4	3	1	1/4		1/4	1		7	61	C#4	4	671
45	45	179	1.0	3/4	3/4	4/4	2	2	1/4		1/4	1		6	66	F#4	4	669
45	45	179	1.0	3/4	3/4	4/4	2	2	1/4		1/4	1		8	68	G#4	4	669
45	45	179	1.0	3/4	3/4	4/4	1	2	1/4		1/4	1		7	73	C#5	5	666
45	45	179	1.0	3/4	3/4	4/4	1	2	1/4		1/4	1		6	78	F#5	5	666
45	45	179	1.0	3/4	3/4	4/4	1	2	1/4		1/4	1		8	80	G#5	5	666
46	46	180	2.0	0	0	4/4	2	1	1/2		1/2	1		9	63	D#4	4	676
46	46	180	2.0	0	0	4/4	2	1	1/2		1/2	1		8	68	G#4	4	676
46	46	180	2.0	0	0	4/4	2	1	1/2		1/2	1		5	71	B4	4	676
46	46	180	2.0	0	0	4/4	2	1	1/2		1/2	1		9	75	D#5	5	676
46	46	180	2.0	0	0	4/4	1	1	1/2		1/2	1		8	80	G#5	5	672
46	46	180	2.0	0	0	4/4	1	1	1/2		1/2	1		5	83	B5	5	672
46	46	180	2.0	0	0	4/4	1	1	1/2		1/2	1		9	87	D#6	6	672
46	46	180	2.0	0	0	4/4	1	1	1/2		1/2	1		8	92	G#6	6	672
46	46	181	1.0	1/4	1/4	4/4	3	1	1/4		1/4	1		8	56	G#3	3	678
46	46	181	1.0	1/4	1/4	4/4	3	1	1/4		1/4	1		7	61	C#4	4	678
46	46	181	1.0	1/4	1/4	4/4	3	1	1/4		1/4	1		9	63	D#4	4	678
46	46	181	1.0	1/4	1/4	4/4	1	2	1/4		1/4	1		8	68	G#4	4	674
46	46	181	1.0	1/4	1/4	4/4	1	2	1/4		1/4	1		7	73	C#5	5	674
46	46	181	1.0	1/4	1/4	4/4	1	2	1/4		1/4	1		9	75	D#5	5	674
46	46	182	2.0	1/2	1/2	4/4	2	1	1/2		1/2	1		9	63	D#4	4	677
46	46	182	2.0	1/2	1/2	4/4	2	1	1/2		1/2	1		8	68	G#4	4	677
46	46	182	2.0	1/2	1/2	4/4	2	1	1/2		1/2	1		5	71	B4	4	677
46	46	182	2.0	1/2	1/2	4/4	2	1	1/2		1/2	1		9	75	D#5	5	677
46	46	182	2.0	1/2	1/2	4/4	1	1	1/2		1/2	1		8	80	G#5	5	673
46	46	182	2.0	1/2	1/2	4/4	1	1	1/2		1/2	1		5	83	B5	5	673
46	46	182	2.0	1/2	1/2	4/4	1	1	1/2		1/2	1		9	87	D#6	6	673
46	46	182	2.0	1/2	1/2	4/4	1	1	1/2		1/2	1		8	92	G#6	6	673
46	46	183	1.0	3/4	3/4	4/4	3	1	1/4		1/4	1	1	4	64	E4	4	679
46	46	183	1.0	3/4	3/4	4/4	3	1	1/4		1/4	1	1	3	69	A4	4	679
46	46	183	1.0	3/4	3/4	4/4	3	1	1/4		1/4	1	1	5	71	B4	4	679
46	46	183	1.0	3/4	3/4	4/4	1	2	1/4		1/4	1	1	4	76	E5	5	675
46	46	183	1.0	3/4	3/4	4/4	1	2	1/4		1/4	1	1	3	81	A5	5	675
46	46	183	1.0	3/4	3/4	4/4	1	2	1/4		1/4	1	1	5	83	B5	5	675
47	47	184	1.5	0	0	4/4	2	1	3/8		1/4	3/2	-1	4	64	E4	4	687
47	47	184	1.5	0	0	4/4	2	1	3/8		1/4	3/2	-1	3	69	A4	4	687
47	47	184	1.5	0	0	4/4	2	1	3/8		1/4	3/2	-1	5	71	B4	4	687
47	47	184	1.5	0	0	4/4	1	1	3/8		1/4	3/2	-1	4	76	E5	5	680
47	47	184	1.5	0	0	4/4	1	1	3/8		1/4	3/2	-1	3	81	A5	5	680
47	47	184	1.5	0	0	4/4	1	1	3/8		1/4	3/2	-1	5	83	B5	5	680
47	47	371/2	0.25	3/8	3/8	4/4	2	1	1/16		1/16	1		5	59	B3	3	688
47	47	371/2	0.25	3/8	3/8	4/4	2	1	1/16		1/16	1		4	64	E4	4	688
47	47	371/2	0.25	3/8	3/8	4/4	2	1	1/16		1/16	1	1	6	66	F#4	4	688
47	47	371/2	0.25	3/8	3/8	4/4	1	1	1/16		1/16	1		5	71	B4	4	681
47	47	371/2	0.25	3/8	3/8	4/4	1	1	1/16		1/16	1		4	76	E5	5	681
47	47	371/2	0.25	3/8	3/8	4/4	1	1	1/16		1/16	1	1	6	78	F#5	5	681
47	47	743/4	0.25	7/16	7/16	4/4	2	1	1/16		1/16	1		0	60	C4	4	689
47	47	743/4	0.25	7/16	7/16	4/4	2	1	1/16		1/16	1	-1	6	66	F#4	4	689
47	47	743/4	0.25	7/16	7/16	4/4	2	1	1/16		1/16	1		1	67	G4	4	689
47	47	743/4	0.25	7/16	7/16	4/4	1	1	1/16		1/16	1		0	72	C5	5	682
47	47	743/4	0.25	7/16	7/16	4/4	1	1	1/16		1/16	1	-1	6	78	F#5	5	682
47	47	743/4	0.25	7/16	7/16	4/4	1	1	1/16		1/16	1		1	79	G5	5	682
47	47	186	0.5	1/2	1/2	4/4	2	1	1/8		1/8	1		2	62	D4	4	690
47	47	186	0.5	1/2	1/2	4/4	2	1	1/8		1/8	1		1	67	G4	4	690
47	47	186	0.5	1/2	1/2	4/4	2	1	1/8		1/8	1		3	69	A4	4	690
47	47	186	0.5	1/2	1/2	4/4	1	1	1/8		1/8	1		2	74	D5	5	683
47	47	186	0.5	1/2	1/2	4/4	1	1	1/8		1/8	1		1	79	G5	5	683
47	47	186	0.5	1/2	1/2	4/4	1	1	1/8		1/8	1		3	81	A5	5	683
47	47	373/2	0.5	5/8	5/8	4/4	2	1	1/8		1/8	1		8	56	G#3	3	691
47	47	373/2	0.5	5/8	5/8	4/4	2	1	1/8		1/8	1		7	61	C#4	4	691
47	47	373/2	0.5	5/8	5/8	4/4	2	1	1/8		1/8	1		9	63	D#4	4	691
47	47	373/2	0.5	5/8	5/8	4/4	1	1	1/8		1/8	1		8	68	G#4	4	684
47	47	373/2	0.5	5/8	5/8	4/4	1	1	1/8		1/8	1		7	73	C#5	5	684
47	47	373/2	0.5	5/8	5/8	4/4	1	1	1/8		1/8	1		9	75	D#5	5	684
47	47	187	0.5	3/4	3/4	4/4	2	1	1/8		1/8	1		3	57	A3	3	692
47	47	187	0.5	3/4	3/4	4/4	2	1	1/8		1/8	1		2	62	D4	4	692
47	47	187	0.5	3/4	3/4	4/4	2	1	1/8		1/8	1		4	64	E4	4	692
47	47	187	0.5	3/4	3/4	4/4	1	1	1/8		1/8	1		3	69	A4	4	685
47	47	187	0.5	3/4	3/4	4/4	1	1	1/8		1/8	1		2	74	D5	5	685
47	47	187	0.5	3/4	3/4	4/4	1	1	1/8		1/8	1		4	76	E5	5	685
47	47	375/2	0.5	7/8	7/8	4/4	2	1	1/8		1/8	1	1	0	60	C4	4	693
47	47	375/2	0.5	7/8	7/8	4/4	2	1	1/8		1/8	1	1	-1	65	F4	4	693
47	47	375/2	0.5	7/8	7/8	4/4	2	1	1/8		1/8	1	1	1	67	G4	4	693
47	47	375/2	0.5	7/8	7/8	4/4	1	1	1/8		1/8	1	1	0	72	C5	5	686
47	47	375/2	0.5	7/8	7/8	4/4	1	1	1/8		1/8	1	1	-1	77	F5	5	686
47	47	375/2	0.5	7/8	7/8	4/4	1	1	1/8		1/8	1	1	1	79	G5	5	686
48	48	188	1.0	0	0	4/4	2	1	1/4		1/4	1	-1	0	60	C4	4	699
48	48	188	1.0	0	0	4/4	2	1	1/4		1/4	1	-1	-1	65	F4	4	699
48	48	188	1.0	0	0	4/4	2	1	1/4		1/4	1	-1	1	67	G4	4	699
48	48	188	1.0	0	0	4/4	1	1	1/4		1/4	1	-1	0	72	C5	5	694
48	48	188	1.0	0	0	4/4	1	1	1/4		1/4	1	-1	-1	77	F5	5	694
48	48	188	1.0	0	0	4/4	1	1	1/4		1/4	1	-1	1	79	G5	5	694
48	48	189	1.0	1/4	1/4	4/4	2	1	1/4		1/4	1		1	67	G4	4	700
48	48	189	1.0	1/4	1/4	4/4	2	1	1/4		1/4	1		0	72	C5	5	700
48	48	189	1.0	1/4	1/4	4/4	2	1	1/4		1/4	1		2	74	D5	5	700
48	48	189	1.0	1/4	1/4	4/4	1	1	1/4		1/4	1		1	79	G5	5	695
48	48	189	1.0	1/4	1/4	4/4	1	1	1/4		1/4	1		0	84	C6	6	695
48	48	189	1.0	1/4	1/4	4/4	1	1	1/4		1/4	1		2	86	D6	6	695
48	48	190	1.0	1/2	1/2	4/4	2	2	1/4		1/4	1		0	60	C4	4	702
48	48	190	2.0	1/2	1/2	4/4	2	1	1/2		1/2	1		-1	65	F4	4	701
48	48	190	2.0	1/2	1/2	4/4	2	1	1/2		1/2	1		1	67	G4	4	701
48	48	190	1.0	1/2	1/2	4/4	1	2	1/4		1/4	1		0	72	C5	5	697
48	48	190	2.0	1/2	1/2	4/4	1	1	1/2		1/2	1		-1	77	F5	5	696
48	48	190	2.0	1/2	1/2	4/4	1	1	1/2		1/2	1		1	79	G5	5	696
48	48	191	1.0	3/4	3/4	4/4	2	2	1/4		1/4	1		2	62	D4	4	703
48	48	191	1.0	3/4	3/4	4/4	1	2	1/4		1/4	1		2	74	D5	5	698
49	49	385/2	1.0	1/8	1/8	4/4	2	1	1/4		1/4	1		4	64	E4	4	711
49	49	385/2	1.0	1/8	1/8	4/4	2	1	1/4		1/4	1		3	69	A4	4	711
49	49	385/2	1.0	1/8	1/8	4/4	2	1	1/4		1/4	1		5	71	B4	4	711
49	49	385/2	1.0	1/8	1/8	4/4	1	1	1/4		1/4	1		4	76	E5	5	704
49	49	385/2	1.0	1/8	1/8	4/4	1	1	1/4		1/4	1		3	81	A5	5	704
49	49	385/2	1.0	1/8	1/8	4/4	1	1	1/4		1/4	1		5	83	B5	5	704
49	49	387/2	0.25	3/8	3/8	4/4	2	1	1/16		1/16	1		5	59	B3	3	712
49	49	387/2	0.25	3/8	3/8	4/4	2	1	1/16		1/16	1		4	64	E4	4	712
49	49	387/2	0.25	3/8	3/8	4/4	2	1	1/16		1/16	1		6	66	F#4	4	712
49	49	387/2	0.25	3/8	3/8	4/4	1	1	1/16		1/16	1		5	71	B4	4	705
49	49	387/2	0.25	3/8	3/8	4/4	1	1	1/16		1/16	1		4	76	E5	5	705
49	49	387/2	0.25	3/8	3/8	4/4	1	1	1/16		1/16	1	1	6	78	F#5	5	705
49	49	775/4	0.25	7/16	7/16	4/4	2	1	1/16		1/16	1		0	60	C4	4	713
49	49	775/4	0.25	7/16	7/16	4/4	2	1	1/16		1/16	1		6	66	F#4	4	713
49	49	775/4	0.25	7/16	7/16	4/4	2	1	1/16		1/16	1		1	67	G4	4	713
49	49	775/4	0.25	7/16	7/16	4/4	1	1	1/16		1/16	1		0	72	C5	5	706
49	49	775/4	0.25	7/16	7/16	4/4	1	1	1/16		1/16	1	-1	6	78	F#5	5	706
49	49	775/4	0.25	7/16	7/16	4/4	1	1	1/16		1/16	1		1	79	G5	5	706
49	49	194	0.5	1/2	1/2	4/4	2	1	1/8		1/8	1		2	62	D4	4	714
49	49	194	0.5	1/2	1/2	4/4	2	1	1/8		1/8	1		1	67	G4	4	714
49	49	194	0.5	1/2	1/2	4/4	2	1	1/8		1/8	1		3	69	A4	4	714
49	49	194	0.5	1/2	1/2	4/4	1	1	1/8		1/8	1		2	74	D5	5	707
49	49	194	0.5	1/2	1/2	4/4	1	1	1/8		1/8	1		1	79	G5	5	707
49	49	194	0.5	1/2	1/2	4/4	1	1	1/8		1/8	1		3	81	A5	5	707
49	49	389/2	0.5	5/8	5/8	4/4	2	1	1/8		1/8	1		8	56	G#3	3	715
49	49	389/2	0.5	5/8	5/8	4/4	2	1	1/8		1/8	1		7	61	C#4	4	715
49	49	389/2	0.5	5/8	5/8	4/4	2	1	1/8		1/8	1		9	63	D#4	4	715
49	49	389/2	0.5	5/8	5/8	4/4	1	1	1/8		1/8	1		8	68	G#4	4	708
49	49	389/2	0.5	5/8	5/8	4/4	1	1	1/8		1/8	1		7	73	C#5	5	708
49	49	389/2	0.5	5/8	5/8	4/4	1	1	1/8		1/8	1		9	75	D#5	5	708
49	49	195	0.5	3/4	3/4	4/4	2	1	1/8		1/8	1		3	57	A3	3	716
49	49	195	0.5	3/4	3/4	4/4	2	1	1/8		1/8	1		2	62	D4	4	716
49	49	195	0.5	3/4	3/4	4/4	2	1	1/8		1/8	1		4	64	E4	4	716
49	49	195	0.5	3/4	3/4	4/4	1	1	1/8		1/8	1		3	69	A4	4	709
49	49	195	0.5	3/4	3/4	4/4	1	1	1/8		1/8	1		2	74	D5	5	709
49	49	195	0.5	3/4	3/4	4/4	1	1	1/8		1/8	1		4	76	E5	5	709
49	49	391/2	0.5	7/8	7/8	4/4	2	1	1/8		1/8	1	1	0	60	C4	4	717
49	49	391/2	0.5	7/8	7/8	4/4	2	1	1/8		1/8	1	1	6	66	F#4	4	717
49	49	391/2	0.5	7/8	7/8	4/4	2	1	1/8		1/8	1	1	1	67	G4	4	717
49	49	391/2	0.5	7/8	7/8	4/4	1	1	1/8		1/8	1	1	0	72	C5	5	710
49	49	391/2	0.5	7/8	7/8	4/4	1	1	1/8		1/8	1	1	6	78	F#5	5	710
49	49	391/2	0.5	7/8	7/8	4/4	1	1	1/8		1/8	1	1	1	79	G5	5	710
50	50	196	2.0	0	0	4/4	2	1	1/2		1/2	1	-1	0	60	C4	4	720
50	50	196	2.0	0	0	4/4	2	1	1/2		1/2	1	-1	6	66	F#4	4	720
50	50	196	2.0	0	0	4/4	2	1	1/2		1/2	1	-1	1	67	G4	4	720
50	50	196	2.0	0	0	4/4	1	1	1/2		1/2	1	-1	0	72	C5	5	718
50	50	196	2.0	0	0	4/4	1	1	1/2		1/2	1	-1	6	78	F#5	5	718
50	50	196	2.0	0	0	4/4	1	1	1/2		1/2	1	-1	1	79	G5	5	718
50	50	198	2.0	1/2	1/2	4/4	2	1	1/2		1/2	1		0	60	C4	4	721
50	50	198	2.0	1/2	1/2	4/4	2	1	1/2		1/2	1		6	66	F#4	4	721
50	50	198	2.0	1/2	1/2	4/4	2	1	1/2		1/2	1		1	67	G4	4	721
50	50	198	2.0	1/2	1/2	4/4	1	1	1/2		1/2	1		0	72	C5	5	719
50	50	198	2.0	1/2	1/2	4/4	1	1	1/2		1/2	1		6	78	F#5	5	719
50	50	198	2.0	1/2	1/2	4/4	1	1	1/2		1/2	1		1	79	G5	5	719
51	51	200	2.0	0	0	4/4	2	1	1/2		1/2	1		0	60	C4	4	735
51	51	200	2.0	0	0	4/4	2	1	1/2		1/2	1		6	66	F#4	4	735
51	51	200	2.0	0	0	4/4	2	1	1/2		1/2	1		1	67	G4	4	735
51	51	200	2.0	0	0	4/4	1	2	1/2		1/2	1		0	72	C5	5	733
51	51	200	2.0	0	0	4/4	1	2	1/2		1/2	1		6	78	F#5	5	733
51	51	200	2.0	0	0	4/4	1	2	1/2		1/2	1		1	79	G5	5	733
51	51	200	0.3333333333333333	0	0	4/4	1	1	1/12		1/8	2/3		5	83	B5	5	722
51	51	601/3	0.3333333333333333	1/12	1/12	4/4	1	1	1/12		1/8	2/3		6	90	F#6	6	723
51	51	602/3	0.3333333333333333	1/6	1/6	4/4	1	1	1/12		1/8	2/3		6	90	F#6	6	724
51	51	201	0.3333333333333333	1/4	1/4	4/4	1	1	1/12		1/8	2/3		6	90	F#6	6	725
51	51	604/3	0.3333333333333333	1/3	1/3	4/4	1	1	1/12		1/8	2/3		6	90	F#6	6	726
51	51	605/3	0.3333333333333333	5/12	5/12	4/4	1	1	1/12		1/8	2/3		4	88	E6	6	727
51	51	202	2.0	1/2	1/2	4/4	2	1	1/2		1/2	1		0	60	C4	4	736
51	51	202	2.0	1/2	1/2	4/4	2	1	1/2		1/2	1		6	66	F#4	4	736
51	51	202	2.0	1/2	1/2	4/4	2	1	1/2		1/2	1		8	68	G#4	4	736
51	51	202	2.0	1/2	1/2	4/4	1	2	1/2		1/2	1		0	72	C5	5	734
51	51	202	2.0	1/2	1/2	4/4	1	2	1/2		1/2	1		6	78	F#5	5	734
51	51	202	2.0	1/2	1/2	4/4	1	2	1/2		1/2	1		8	80	G#5	5	734
51	51	202	0.3333333333333333	1/2	1/2	4/4	1	1	1/12		1/8	2/3		6	90	F#6	6	728
51	51	607/3	0.3333333333333333	7/12	7/12	4/4	1	1	1/12		1/8	2/3		8	92	G#6	6	729
51	51	608/3	0.3333333333333333	2/3	2/3	4/4	1	1	1/12		1/8	2/3	1	3	93	A6	6	730
51	51	203	0.5	3/4	3/4	4/4	1	1	1/8		1/8	1	-1	3	93	A6	6	731
51	51	407/2	0.5	7/8	7/8	4/4	1	1	1/8		1/8	1		8	92	G#6	6	732
52	52	204	1.0	0	0	4/4	2	1	1/4		1/4	1		0	60	C4	4	746
52	52	204	1.0	0	0	4/4	2	1	1/4		1/4	1		6	66	F#4	4	746
52	52	204	1.0	0	0	4/4	2	1	1/4		1/4	1		1	67	G4	4	746
52	52	204	1.0	0	0	4/4	1	2	1/4		1/4	1		0	72	C5	5	744
52	52	204	1.0	0	0	4/4	1	2	1/4		1/4	1		6	78	F#5	5	744
52	52	204	1.0	0	0	4/4	1	2	1/4		1/4	1		1	79	G5	5	744
52	52	204	0.3333333333333333	0	0	4/4	1	1	1/12		1/8	2/3		6	90	F#6	6	737
52	52	613/3	0.3333333333333333	1/12	1/12	4/4	1	1	1/12		1/8	2/3		6	90	F#6	6	738
52	52	614/3	0.3333333333333333	1/6	1/6	4/4	1	1	1/12		1/8	2/3		4	88	E6	6	739
52	52	205	3.0	1/4	1/4	4/4	2	1	3/4		1/2	3/2		0	60	C4	4	747
52	52	205	3.0	1/4	1/4	4/4	2	1	3/4		1/2	3/2		6	66	F#4	4	747
52	52	205	3.0	1/4	1/4	4/4	2	1	3/4		1/2	3/2		8	68	G#4	4	747
52	52	205	3.0	1/4	1/4	4/4	1	2	3/4		1/2	3/2		0	72	C5	5	745
52	52	205	3.0	1/4	1/4	4/4	1	2	3/4		1/2	3/2		6	78	F#5	5	745
52	52	205	3.0	1/4	1/4	4/4	1	2	3/4		1/2	3/2		8	80	G#5	5	745
52	52	205	0.3333333333333333	1/4	1/4	4/4	1	1	1/12		1/8	2/3		6	90	F#6	6	740
52	52	616/3	0.3333333333333333	1/3	1/3	4/4	1	1	1/12		1/8	2/3		6	90	F#6	6	741
52	52	617/3	0.3333333333333333	5/12	5/12	4/4	1	1	1/12		1/8	2/3		8	92	G#6	6	742
52	52	206	2.0	1/2	1/2	4/4	1	1	1/2		1/2	1		6	90	F#6	6	743
53	53	208	2.0	0	0	4/4	2	1	1/2		1/2	1		0	60	C4	4	748
53	53	210	2.0	1/2	1/2	4/4	2	1	1/2		1/2	1	1	0	60	C4	4	749
54	54	212	0.25	0	0	4/4	3	1	1/16		1/16	1		-1	53	F3	3	752
54	54	212	0.25	0	0	4/4	3	1	1/16		1/16	1		1	55	G3	3	752
54	54	212	2.0	0	0	4/4	2	1	1/2		1/2	1	-1	0	60	C4	4	750
54	54	849/4	0.25	1/16	1/16	4/4	3	1	1/16		1/16	1		0	48	C3	3	753
54	54	425/2	0.25	1/8	1/8	4/4	3	1	1/16		1/16	1		-1	41	F2	2	754
54	54	851/4	0.25	3/16	3/16	4/4	3	1	1/16		1/16	1	1	-2	34	Bb1	1	755
54	54	213	1.0	1/4	1/4	4/4	3	1	1/4		1/4	1	-1	-2	34	Bb1	1	756
54	54	214	0.25	1/2	1/2	4/4	3	1	1/16		1/16	1		5	59	B3	3	757
54	54	214	2.0	1/2	1/2	4/4	2	1	1/2		1/2	1		7	61	C#4	4	751
54	54	857/4	0.25	9/16	9/16	4/4	3	1	1/16		1/16	1		6	54	F#3	3	758
54	54	429/2	0.25	5/8	5/8	4/4	3	1	1/16		1/16	1		5	47	B2	2	759
54	54	859/4	0.25	11/16	11/16	4/4	3	1	1/16		1/16	1	1	4	40	E2	2	760
54	54	215	1.0	3/4	3/4	4/4	3	1	1/4		1/4	1	-1	4	40	E2	2	761
55	55	216	0.25	0	0	4/4	3	1	1/16		1/16	1		-1	53	F3	3	765
55	55	216	0.25	0	0	4/4	3	1	1/16		1/16	1		1	55	G3	3	765
55	55	216	2.0	0	0	4/4	2	1	1/2		1/2	1		0	60	C4	4	762
55	55	865/4	0.25	1/16	1/16	4/4	3	1	1/16		1/16	1		0	48	C3	3	766
55	55	433/2	0.25	1/8	1/8	4/4	3	1	1/16		1/16	1		-1	41	F2	2	767
55	55	867/4	0.25	3/16	3/16	4/4	3	1	1/16		1/16	1	1	-2	34	Bb1	1	768
55	55	217	1.0	1/4	1/4	4/4	3	1	1/4		1/4	1	-1	-2	34	Bb1	1	769
55	55	218	0.25	1/2	1/2	4/4	3	1	1/16		1/16	1		5	59	B3	3	770
55	55	218	1.3333333333333333	1/2	1/2	4/4	2	1	1/3		1/2	2/3		7	61	C#4	4	763
55	55	873/4	0.25	9/16	9/16	4/4	3	1	1/16		1/16	1		6	54	F#3	3	771
55	55	437/2	0.25	5/8	5/8	4/4	3	1	1/16		1/16	1	1	5	47	B2	2	772
55	55	875/4	0.25	11/16	11/16	4/4	3	1	1/16		1/16	1	1	4	40	E2	2	773
55	55	219	1.0	3/4	3/4	4/4	3	1	1/4		1/4	1	0	4	40	E2	2	774
55	55	658/3	0.6666666666666666	5/6	5/6	4/4	2	1	1/6		1/4	2/3	1	5	71	B4	4	764
56	56	220	4.0	0	0	4/4	3	1	1		1	1	-1	4	40	E2	2	787
56	56	220	4.0	0	0	4/4	3	1	1		1	1	-1	5	47	B2	2	787
56	56	220	0.5	0	0	4/4	2	1	1/8		1/8	1	-1	5	71	B4	4	775
56	56	441/2	0.5	1/8	1/8	4/4	2	1	1/8		1/8	1		3	69	A4	4	776
56	56	221	0.5	1/4	1/4	4/4	2	1	1/8		1/8	1		6	66	F#4	4	777
56	56	443/2	0.5	3/8	3/8	4/4	2	1	1/8		1/8	1		3	69	A4	4	778
56	56	222	0.0	1/2	1/2	4/4	2	1	0	grace16	1/16	1		5	83	B5	5	779
56	56	222	0.0	1/2	1/2	4/4	2	1	0	grace16	1/16	1		5	71	B4	4	780
56	56	222	0.5	1/2	1/2	4/4	2	1	1/8		1/8	1		5	71	B4	4	781
56	56	445/2	0.5	5/8	5/8	4/4	2	1	1/8		1/8	1		7	73	C#5	5	782
56	56	223	0.0	3/4	3/4	4/4	2	1	0	grace16	1/16	1		4	88	E6	6	783
56	56	223	0.0	3/4	3/4	4/4	2	1	0	grace16	1/16	1		4	76	E5	5	784
56	56	223	0.5	3/4	3/4	4/4	2	1	1/8		1/8	1		4	76	E5	5	785
56	56	447/2	0.5	7/8	7/8	4/4	2	1	1/8		1/8	1		7	73	C#5	5	786
57	57	224	0.0	0	0	4/4	2	1	0	grace16	1/16	1		5	95	B6	6	788
57	57	224	0.0	0	0	4/4	2	1	0	grace16	1/16	1		5	83	B5	5	789
57	57	224	0.0	0	0	4/4	2	1	0	grace16	1/16	1		5	83	B5	5	790
57	57	224	4.0	0	0	4/4	2	1	1		1	1		5	71	B4	4	791
